active,bat_side,birth_date,current_age,first_name,full_name,height,last_name,mlb_debut_date,pitch_hand,player_id,position_abbr,position_code,primary_number,use_name,weight
True,L,1999-06-01,26,Andrew,Andrew Abbott,"6' 0""",Abbott,2023-06-05,L,671096,P,1,41,Andrew,192
True,R,2001-08-18,24,McLean,Mick Abel,"6' 5""",Abel,2025-05-18,R,690953,P,1,20,Mick,190
True,L,2000-10-03,25,Paul,CJ Abrams,"6' 0""",Abrams,2022-04-08,R,682928,SS,6,5,CJ,191
True,R,1997-04-22,28,Bryan,Bryan Abreu,"6' 1""",Abreu,2019-07-31,R,650556,P,1,52,Bryan,230
True,L,1999-06-24,26,Wilyer,Wilyer Abreu,"5' 10""",Abreu,2023-08-22,L,677800,RF,9,52,Wilyer,215
True,R,2002-03-12,24,Luisangel,Luisangel Acuña,"5' 7""",Acuña,2024-09-14,R,682668,2B,4,0,Luisangel,181
True,R,1997-12-18,28,Ronald,Ronald Acuña Jr.,"6' 0""",Acuña,2018-04-25,R,660670,RF,9,13,Ronald,205
True,R,1995-09-02,30,Willy,Willy Adames,"6' 0""",Adames,2018-05-22,R,642715,SS,6,2,Willy,216
True,R,1999-04-08,26,Jordon,Jo Adell,"6' 2""",Adell,2020-08-04,R,666176,CF,8,7,Jo,215
True,R,2000-08-15,25,Zachary,Zach Agnos,"6' 0""",Agnos,2025-04-20,R,688642,P,1,36,Zach,210
True,S,1997-01-07,29,Ozhaino,Ozzie Albies,"5' 7""",Albies,2017-08-01,R,645277,2B,4,1,Ozzie,165
True,R,1995-09-07,30,Sandy,Sandy Alcantara,"6' 5""",Alcantara,2017-09-03,R,645261,P,1,22,Sandy,200
True,R,1999-06-11,26,Blaze,Blaze Alexander,"5' 11""",Alexander,2024-03-28,R,677942,SS,6,23,Blaze,200
True,R,1994-07-14,31,Tyler,Tyler Alexander,"6' 1""",Alexander,2019-07-03,L,641302,P,1,13,Tyler,214
True,L,1997-08-13,28,Kolby,Kolby Allard,"6' 1""",Allard,2018-07-31,L,663465,P,1,49,Kolby,195
True,R,1998-10-08,27,Nicholas,Nick Allen,"5' 7""",Allen,2022-04-19,R,669397,SS,6,20,Nick,166
True,R,1994-12-07,31,Peter,Pete Alonso,"6' 3""",Alonso,2019-03-28,R,624413,1B,3,25,Pete,245
True,R,1990-05-06,35,Jose,Jose Altuve,"5' 6""",Altuve,2011-07-20,R,514888,LF,7,27,Jose,167
True,R,1999-02-23,27,Elvis,Elvis Alvarado,"6' 6""",Alvarado,2025-05-09,R,665660,P,1,37,Elvis,253
True,L,1995-05-21,30,José,José Alvarado,"6' 2""",Alvarado,2017-05-03,L,621237,P,1,46,José,245
True,R,2001-11-19,24,Francisco,Francisco Alvarez,"5' 10""",Alvarez,2022-09-30,R,682626,C,2,4,Francisco,233
True,L,1997-06-27,28,Yordan,Yordan Alvarez,"6' 4""",Alvarez,2019-06-09,R,670541,LF,7,44,Yordan,237
True,R,1999-03-09,27,Miguel,Miguel Amaya,"6' 1""",Amaya,2023-05-04,R,665804,C,2,9,Miguel,230
True,R,1994-03-22,32,Andrew,Drew Anderson,"6' 3""",Anderson,2017-08-01,R,623454,P,1,38,Drew,205
True,R,1997-06-21,28,Grant,Grant Anderson,"6' 0""",Anderson,2023-05-30,R,681982,P,1,56,Grant,213
True,R,1994-10-29,31,Shaun,Shaun Anderson,"6' 6""",Anderson,2019-05-15,R,641312,P,1,64,Shaun,228
True,R,1995-03-02,31,Miguel,Miguel Andujar,"6' 0""",Andujar,2017-06-28,R,609280,LF,7,41,Miguel,211
True,L,2004-05-13,21,Roman,Roman Anthony,"6' 3""",Anthony,2025-06-09,R,701350,RF,9,19,Roman,200
True,L,1998-05-23,27,Jonathan,Jonathan Aranda,"6' 0""",Aranda,2022-06-24,R,666018,1B,3,8,Jonathan,215
True,R,1991-04-16,34,Nolan,Nolan Arenado,"6' 2""",Arenado,2013-04-28,R,571448,3B,5,28,Nolan,215
True,R,2000-02-27,26,Gabriel,Gabriel Arias,"6' 1""",Arias,2022-04-20,R,672356,SS,6,13,Gabriel,217
True,R,1990-09-11,35,Shawn,Shawn Armstrong,"6' 2""",Armstrong,2015-08-08,R,542888,P,1,43,Shawn,225
True,R,1995-02-28,31,Randy,Randy Arozarena,"5' 10""",Arozarena,2019-08-14,R,668227,LF,7,56,Randy,185
True,L,1997-04-09,28,Luis,Luis Arraez,"5' 10""",Arraez,2019-05-18,R,650333,IF,I,1,Luis,186
True,R,1998-05-24,27,Aaron,Aaron Ashby,"6' 0""",Ashby,2021-06-30,L,676879,P,1,26,Aaron,194
True,L,1999-10-05,26,Braxton,Braxton Ashcraft,"6' 5""",Ashcraft,2025-05-26,R,677952,P,1,35,Braxton,218
True,L,1998-02-11,28,Douglas,Graham Ashcraft,"6' 2""",Ashcraft,2022-05-22,R,668933,P,1,23,Graham,248
True,R,1995-06-03,30,Lake,Lake Bachar,"6' 2""",Bachar,2024-09-08,R,669199,P,1,84,Lake,219
True,R,1999-09-30,26,Samuel,Sam Bachman,"6' 1""",Bachman,2023-05-26,R,696147,P,1,40,Sam,235
True,L,1998-01-31,28,Kyle,Kyle Backhus,"6' 4""",Backhus,2025-06-08,L,679775,P,1,19,Kyle,185
True,R,1994-06-03,31,Harrison,Harrison Bader,"5' 11""",Bader,2017-07-25,R,664056,LF,7,9,Harrison,219
True,R,1992-12-01,33,Ednel,Javier Báez,"5' 11""",Báez,2014-08-05,R,595879,CF,8,28,Javier,190
True,S,1999-05-29,26,Patrick,Patrick Bailey,"6' 0""",Bailey,2023-05-19,R,672275,C,2,14,Patrick,223
True,R,1994-12-02,31,Bryan,Bryan Baker,"6' 6""",Baker,2021-09-05,R,641329,P,1,47,Bryan,235
True,L,2001-03-28,25,Drake,Drake Baldwin,"6' 0""",Baldwin,2025-03-27,R,686948,C,2,30,Drake,225
True,L,2003-11-08,22,Moisés,Moisés Ballesteros,"5' 8""",Ballesteros,2025-05-13,R,694208,C,2,25,Moisés,195
True,L,1993-08-10,32,Frank,Anthony Banda,"6' 2""",Banda,2017-07-22,L,607455,P,1,43,Anthony,221
True,R,1991-10-24,34,Tanner,Tanner Banks,"6' 1""",Banks,2022-04-10,L,621383,P,1,58,Tanner,205
True,L,2000-12-15,25,Hunter,Hunter Barco,"6' 4""",Barco,2025-09-23,L,682995,P,1,45,Hunter,229
True,L,1999-11-12,26,Addison,Addison Barger,"5' 11""",Barger,2024-04-24,R,680718,3B,5,47,Addison,210
True,R,1992-12-18,33,Scott,Scott Barlow,"6' 3""",Barlow,2018-04-30,R,605130,P,1,58,Scott,210
True,S,2001-02-17,25,Jorge,Jorge Barrosa,"5' 6""",Barrosa,2024-04-01,L,678489,LF,7,1,Jorge,165
True,R,1996-12-15,29,Joseph,Joey Bart,"6' 2""",Bart,2020-08-20,R,663698,C,2,14,Joey,242
True,L,2004-08-13,21,Samuel,Samuel Basallo,"6' 4""",Basallo,2025-08-17,R,694212,C,2,29,Samuel,250
True,R,1989-02-22,37,Christopher,Chris Bassitt,"6' 5""",Bassitt,2014-08-30,R,605135,P,1,40,Chris,220
True,L,1999-11-13,26,Brett,Brett Baty,"6' 3""",Baty,2022-08-17,R,683146,3B,5,7,Brett,210
True,L,1995-10-06,30,Jakob,Jake Bauers,"6' 0""",Bauers,2018-06-07,L,641343,1B,3,9,Jake,216
True,R,2002-01-31,24,Carter,Carter Baumler,"6' 2""",Baumler,2026-03-26,R,691945,P,1,45,Carter,195
True,R,1999-06-17,26,Shane,Shane Baz,"6' 3""",Baz,2021-09-20,R,669358,P,1,34,Shane,200
True,R,1995-09-01,30,Eduard,Eduard Bazardo,"6' 0""",Bazardo,2021-04-14,R,660825,P,1,83,Eduard,190
True,L,2001-08-11,24,Dylan,Dylan Beavers,"6' 5""",Beavers,2025-08-16,R,687637,RF,9,12,Dylan,220
True,R,2001-04-19,24,Jordan,Jordan Beck,"6' 2""",Beck,2024-04-30,R,687597,LF,7,27,Jordan,225
True,L,1994-10-10,31,David,David Bednar,"6' 1""",Bednar,2019-09-01,R,670280,P,1,53,David,250
True,L,1993-07-10,32,Jalen,Jalen Beeks,"5' 11""",Beeks,2018-06-07,L,656222,P,1,68,Jalen,215
True,R,1998-10-09,27,Clayton,Clayton Beeter,"6' 2""",Beeter,2024-03-29,R,690925,P,1,39,Clayton,220
True,S,1992-08-14,33,Joshua,Josh Bell,"6' 3""",Bell,2016-07-08,R,605137,1B,3,56,Josh,261
True,L,1995-07-13,30,Cody,Cody Bellinger,"6' 3""",Bellinger,2017-04-25,L,641355,LF,7,35,Cody,204
True,R,1999-05-17,26,Brayan,Brayan Bello,"6' 1""",Bello,2022-07-06,R,678394,P,1,66,Brayan,195
True,R,1995-02-03,31,Anthony,Anthony Bender,"6' 4""",Bender,2021-05-05,R,669622,P,1,37,Anthony,205
True,L,2003-01-20,23,Carson,Carson Benge,"6' 1""",Benge,2026-03-26,R,701807,OF,O,3,Carson,184
True,L,1994-07-06,31,Andrew,Andrew Benintendi,"5' 9""",Benintendi,2016-08-02,L,643217,LF,7,23,Andrew,185
True,L,1998-06-16,27,William,Will Benson,"6' 4""",Benson,2022-08-01,L,666181,LF,7,30,Will,230
True,L,1992-01-15,34,Brennan,Brennan Bernardino,"6' 4""",Bernardino,2022-07-31,L,657514,P,1,83,Brennan,180
True,R,1992-10-07,33,Markus,Mookie Betts,"5' 9""",Betts,2014-06-29,R,605141,SS,6,50,Mookie,180
True,R,1999-03-05,27,Tanner,Tanner Bibee,"6' 2""",Bibee,2023-04-26,R,676440,P,1,28,Tanner,205
True,R,1998-03-05,28,Bo,Bo Bichette,"5' 11""",Bichette,2019-07-29,R,666182,SS,6,19,Bo,190
True,R,1995-10-18,30,Osvaldo,Osvaldo Bido,"6' 3""",Bido,2023-06-14,R,674370,P,1,70,Osvaldo,175
True,R,1995-12-04,30,Jacob,Jake Bird,"6' 3""",Bird,2022-06-16,R,656234,P,1,59,Jake,215
True,R,1993-12-04,32,Paul,Paul Blackburn,"6' 1""",Blackburn,2017-07-01,R,621112,P,1,58,Paul,196
True,R,1999-12-13,26,Ryan,Ryan Bliss,"5' 7""",Bliss,2024-05-27,R,669208,2B,4,1,Ryan,165
True,R,2000-07-04,25,Alan,AJ Blubaugh,"6' 2""",Blubaugh,2025-04-30,R,805123,P,1,69,AJ,190
True,R,1992-10-01,33,Xander,Xander Bogaerts,"6' 2""",Bogaerts,2013-08-20,R,593428,SS,6,2,Xander,218
True,R,1996-08-03,29,Alec,Alec Bohm,"6' 4""",Bohm,2020-08-13,R,664761,3B,5,28,Alec,218
True,R,1998-06-19,27,Carl,Cody Bolton,"6' 2""",Bolton,2023-04-29,R,675989,P,1,67,Cody,210
True,L,1994-03-31,32,Ryan,Ryan Borucki,"6' 4""",Borucki,2018-06-26,L,621366,P,1,47,Ryan,210
True,R,1996-12-01,29,Jonathan,Jonathan Bowlan,"6' 6""",Bowlan,2023-09-27,R,680742,P,1,52,Jonathan,240
True,L,1991-02-02,35,Matthew,Matthew Boyd,"6' 3""",Boyd,2015-06-27,L,571510,P,1,16,Matthew,223
True,R,1999-08-14,26,Joseph,Joe Boyle,"6' 8""",Boyle,2023-09-17,R,671212,P,1,36,Joe,250
True,R,1996-09-12,29,Kyle,Kyle Bradish,"6' 3""",Bradish,2022-04-29,R,680694,P,1,38,Kyle,215
True,R,2001-03-20,25,Taj,Taj Bradley,"6' 2""",Bradley,2023-04-12,R,671737,P,1,26,Taj,220
True,R,1998-05-12,27,Matthew,Matt Brash,"6' 1""",Brash,2022-04-12,R,666374,P,1,47,Matt,173
True,R,1989-10-15,36,Huascar,Huascar Brazobán,"6' 3""",Brazobán,2022-07-24,R,623211,P,1,43,Huascar,155
True,R,1994-03-30,32,Alexander,Alex Bregman,"5' 10""",Bregman,2016-07-25,R,608324,3B,5,3,Alex,190
True,R,1995-01-29,31,Connor,Connor Brogdon,"6' 6""",Brogdon,2020-08-13,R,641401,P,1,75,Connor,205
True,R,1999-09-09,26,Benjamin,Ben Brown,"6' 6""",Brown,2024-03-30,R,676962,P,1,32,Ben,210
True,R,1998-08-29,27,Hunter,Hunter Brown,"6' 2""",Brown,2022-09-05,R,686613,P,1,58,Hunter,220
True,R,1993-11-17,32,Jonathan,JT Brubaker,"6' 4""",Brubaker,2020-07-26,R,664141,P,1,34,JT,197
True,L,1997-06-26,28,Justin,Justin Bruihl,"6' 2""",Bruihl,2021-08-08,L,677865,P,1,47,Justin,215
True,L,1997-08-19,28,Kristofer,Kris Bubic,"6' 3""",Bubic,2020-07-31,L,663460,P,1,50,Kris,220
True,R,1994-07-28,31,Walker,Walker Buehler,"6' 2""",Buehler,2017-09-07,R,621111,P,1,10,Walker,185
True,L,1993-09-21,32,Aaron,Aaron Bummer,"6' 3""",Bummer,2017-07-27,L,607481,P,1,49,Aaron,215
True,R,1996-04-10,29,Jacob,Jake Burger,"6' 0""",Burger,2021-07-02,R,669394,1B,3,21,Jake,230
True,L,1996-08-04,29,Brock,Brock Burke,"6' 4""",Burke,2019-08-20,L,656271,P,1,49,Brock,210
True,R,1999-12-18,26,Sean,Sean Burke,"6' 6""",Burke,2024-09-10,R,680732,P,1,59,Sean,240
True,L,1998-11-25,27,Alec,Alec Burleson,"6' 0""",Burleson,2022-09-08,L,676475,1B,3,41,Alec,225
True,R,2003-01-16,23,Chase,Chase Burns,"6' 3""",Burns,2025-06-24,R,695505,P,1,26,Chase,210
True,R,1999-11-08,26,Michael,Mike Burrows,"6' 1""",Burrows,2024-09-28,R,681347,P,1,50,Mike,200
True,L,1997-11-09,28,Michael,Michael Busch,"5' 11""",Busch,2023-04-25,R,683737,1B,3,29,Michael,210
True,L,2000-07-10,25,Lawrence,Lawrence Butler,"6' 3""",Butler,2023-08-11,R,671732,RF,9,4,Lawrence,210
True,R,1998-03-19,28,José,José Buttó,"6' 0""",Buttó,2022-08-21,R,676130,P,1,70,José,208
True,R,1993-12-18,32,Byron,Byron Buxton,"6' 1""",Buxton,2015-06-14,R,621439,CF,8,25,Byron,190
True,R,1996-08-30,29,José,José Caballero,"5' 9""",Caballero,2023-04-15,R,676609,SS,6,72,José,190
True,R,1998-04-13,27,Edward,Edward Cabrera,"6' 5""",Cabrera,2021-08-25,R,665795,P,1,30,Edward,217
True,L,2003-02-09,23,Jeffrey,Jac Caglianone,"6' 4""",Caglianone,2025-06-03,L,695506,RF,9,14,Jac,250
True,L,2002-07-08,23,Owen,Owen Caissie,"6' 4""",Caissie,2025-08-14,R,683357,RF,9,17,Owen,190
True,R,1994-09-27,31,Alex,Alex Call,"5' 11""",Call,2022-07-11,R,669743,RF,9,12,Alex,189
True,L,1999-07-17,26,Noah,Noah Cameron,"6' 3""",Cameron,2025-04-30,L,702070,P,1,65,Noah,220
True,R,2003-07-05,22,Junior,Junior Caminero,"6' 1""",Caminero,2023-09-23,R,691406,3B,5,13,Junior,220
True,R,1998-09-29,27,Luis,Luis Campusano,"5' 10""",Campusano,2020-09-04,R,669134,C,2,12,Luis,232
True,S,1993-11-24,32,Jeimer,Jeimer Candelario,"6' 1""",Candelario,2016-07-03,R,600869,3B,5,46,Jeimer,222
True,R,1994-03-09,32,Yennier,Yennier Cano,"6' 4""",Cano,2022-05-11,R,666974,P,1,78,Yennier,245
True,L,1999-12-18,26,Joseph,Joey Cantillo,"6' 4""",Cantillo,2024-07-28,L,676282,P,1,54,Joey,225
True,L,1997-08-16,28,Dominic,Dominic Canzone,"6' 0""",Canzone,2023-07-08,R,686527,RF,9,8,Dominic,190
True,S,1993-08-17,32,Victor,Victor Caratini,"6' 0""",Caratini,2017-06-28,R,605170,C,2,37,Victor,225
True,S,1998-10-23,27,Dylan,Dylan Carlson,"6' 1""",Carlson,2020-08-15,L,666185,LF,7,5,Dylan,200
True,L,1997-09-02,28,Kerry,Kerry Carpenter,"6' 1""",Carpenter,2022-08-10,R,681481,RF,9,30,Kerry,220
True,L,2000-08-21,25,Corbin,Corbin Carroll,"5' 10""",Carroll,2022-08-29,L,682998,RF,9,7,Corbin,165
True,L,2002-08-29,23,Evan,Evan Carter,"6' 2""",Carter,2023-09-08,R,694497,CF,8,32,Evan,190
True,R,1999-02-11,27,Benjamin,Ben Casparius,"6' 2""",Casparius,2024-08-31,R,676508,P,1,78,Ben,215
True,R,1992-03-04,34,Nicholas,Nick Castellanos,"6' 3""",Castellanos,2013-09-01,R,592206,RF,9,21,Nick,203
True,R,1992-12-12,33,Luis,Luis Castillo,"6' 2""",Castillo,2017-06-23,R,622491,P,1,58,Luis,200
True,S,1997-04-24,28,Willi,Willi Castro,"6' 0""",Castro,2019-08-24,R,650489,LF,7,3,Willi,206
True,R,1998-08-14,27,Steven,Cade Cavalli,"6' 4""",Cavalli,2022-08-26,R,676917,P,1,24,Cade,223
True,R,1995-12-28,30,Dylan,Dylan Cease,"6' 2""",Cease,2019-07-03,R,656302,P,1,84,Dylan,200
True,R,1999-06-24,26,Slade,Slade Cecconi,"6' 4""",Cecconi,2023-08-02,R,677944,P,1,44,Slade,219
True,S,2002-09-14,23,Roy,Bubba Chandler,"6' 3""",Chandler,2025-08-22,R,696149,P,1,36,Bubba,206
True,R,1999-05-04,26,Andrés,Andrés Chaparro,"6' 0""",Chaparro,2024-08-13,R,665953,1B,3,87,Andrés,200
True,L,1988-02-28,38,Albertin,Aroldis Chapman,"6' 4""",Chapman,2010-08-31,L,547973,P,1,44,Aroldis,235
True,R,1993-04-28,32,Matt,Matt Chapman,"6' 1""",Chapman,2017-06-15,R,656305,3B,5,26,Matt,220
True,L,1998-02-01,28,Jasrado,Jazz Chisholm Jr.,"5' 11""",Chisholm,2020-09-01,R,665862,2B,4,13,Jazz,184
True,L,2000-07-12,25,Nathan,Nathan Church,"5' 10""",Church,2025-08-17,L,701675,LF,7,27,Nathan,180
True,R,1995-06-12,30,Aaron,Aaron Civale,"6' 1""",Civale,2019-06-22,R,650644,P,1,45,Aaron,245
True,R,2000-05-01,25,Denzel,Denzel Clarke,"6' 3""",Clarke,2025-05-23,R,672016,CF,8,1,Denzel,220
True,R,1993-05-13,32,Taylor,Taylor Clarke,"6' 3""",Clarke,2019-04-20,R,664199,P,1,45,Taylor,210
True,R,1994-04-23,31,Garrett,Garrett Cleavinger,"6' 1""",Cleavinger,2020-09-17,L,664076,P,1,60,Garrett,225
True,L,1996-05-15,29,Kody,Kody Clemens,"6' 0""",Clemens,2022-05-31,R,665019,2B,4,2,Kody,200
True,R,1996-03-22,30,Ernie,Ernie Clement,"6' 0""",Clement,2021-06-13,R,676391,3B,5,22,Ernie,170
True,S,1997-07-22,28,Isaac,Isaac Collins,"5' 8""",Collins,2024-09-08,R,686555,LF,7,1,Isaac,188
True,L,1993-03-01,33,Michael,Michael Conforto,"5' 11""",Conforto,2015-07-24,R,624424,LF,7,20,Michael,215
True,L,1997-07-11,28,Griffin,Griffin Conine,"6' 1""",Conine,2024-08-26,R,665052,LF,7,18,Griffin,210
True,R,1997-12-24,28,William,William Contreras,"5' 10""",Contreras,2020-07-24,R,661388,C,2,24,William,217
True,R,1992-05-13,33,Willson,Willson Contreras,"6' 0""",Contreras,2016-06-17,R,575929,1B,3,40,Willson,240
True,R,1999-01-07,27,William,Billy Cook,"6' 0""",Cook,2024-09-08,R,695257,OF,O,25,Billy,204
True,R,1994-09-22,31,Carlos,Carlos Correa,"6' 3""",Correa,2015-06-08,R,621043,SS,6,1,Carlos,220
True,L,1997-06-30,28,Carlos,Carlos Cortes,"5' 7""",Cortes,2025-07-23,S,666126,LF,7,26,Carlos,197
True,L,1989-10-26,36,Daniel,Danny Coulombe,"5' 10""",Coulombe,2014-09-16,L,543056,P,1,67,Danny,190
True,L,2000-03-20,26,Colton,Colton Cowser,"6' 3""",Cowser,2023-07-05,R,681297,LF,7,17,Colton,220
True,L,2004-01-13,22,Justin,Justin Crawford,"6' 2""",Crawford,2026-03-26,R,702222,CF,8,2,Justin,188
True,R,1996-07-24,29,Cooper,Cooper Criswell,"6' 6""",Criswell,2021-08-27,R,681867,P,1,88,Cooper,200
True,L,1999-06-21,26,Garrett,Garrett Crochet,"6' 6""",Crochet,2020-09-18,L,676979,P,1,35,Garrett,245
True,L,1994-01-21,32,Jacob,Jake Cronenworth,"5' 11""",Cronenworth,2020-07-26,R,630105,2B,4,9,Jake,187
True,L,2002-03-25,24,Pete,Pete Crow-Armstrong,"6' 0""",Crow-Armstrong,2023-09-11,L,691718,CF,8,4,Pete,184
True,R,1990-03-28,36,Fernando,Fernando Cruz,"6' 2""",Cruz,2022-09-02,R,518585,P,1,63,Fernando,237
True,L,1998-10-04,27,Oneil,Oneil Cruz,"6' 7""",Cruz,2021-10-02,R,665833,CF,8,15,Oneil,248
True,R,1999-06-15,26,Steven,Steven Cruz,"6' 7""",Cruz,2023-08-29,R,674444,P,1,64,Steven,225
True,R,1989-02-10,37,Travis,Travis d'Arnaud,"6' 0""",d'Arnaud,2013-08-17,R,518595,C,2,25,Travis,210
True,R,1999-09-21,26,Henry,Henry Davis,"5' 11""",Davis,2023-06-19,R,680779,C,2,32,Henry,225
True,L,1988-06-19,37,Jacob,Jacob deGrom,"6' 4""",deGrom,2014-05-15,R,594798,P,1,48,Jacob,180
True,L,1996-12-10,29,Enmanuel,Enmanuel De Jesus,"6' 3""",De Jesus,2023-09-09,L,646241,P,1,37,Enmanuel,190
True,S,2002-01-11,24,Elly,Elly De La Cruz,"6' 6""",De La Cruz,2023-06-06,R,682829,SS,6,44,Elly,200
True,L,2001-10-08,24,Chase,Chase DeLauter,"6' 3""",DeLauter,2025-10-01,L,800050,RF,9,24,Chase,235
True,R,2003-06-21,22,Deyvison,Deyvison De Los Santos,"6' 1""",De Los Santos,2026-03-29,R,691277,3B,5,63,Deyvison,185
True,R,1998-07-10,27,Jonathan,Jonny DeLuca,"5' 10""",DeLuca,2023-06-07,R,676356,CF,8,21,Jonny,195
True,L,1999-07-08,26,Reid,Reid Detmers,"6' 2""",Detmers,2021-08-01,L,672282,P,1,48,Reid,210
True,L,1996-10-24,29,Rafael,Rafael Devers,"6' 0""",Devers,2017-07-25,R,646240,DH,10,16,Rafael,235
True,R,1994-03-22,32,Edwin,Edwin Díaz,"6' 3""",Díaz,2016-06-06,R,621242,P,1,3,Edwin,165
True,R,1998-09-21,27,Yainer,Yainer Diaz,"5' 11""",Diaz,2022-09-02,R,673237,C,2,21,Yainer,195
True,R,1991-08-08,34,Yandy,Yandy Díaz,"6' 0""",Díaz,2017-04-03,R,650490,1B,3,2,Yandy,235
True,R,1998-09-17,27,Francis,Dillon Dingler,"6' 1""",Dingler,2024-07-29,R,693307,C,2,13,Dillon,210
True,R,2001-10-26,24,Tyler,Chase Dollander,"6' 2""",Dollander,2025-04-06,R,801403,P,1,32,Chase,200
True,R,1994-11-25,31,Seranthony,Seranthony Domínguez,"6' 1""",Domínguez,2018-05-07,R,622554,P,1,58,Seranthony,225
True,L,1997-01-16,29,Brendan,Brendan Donovan,"5' 11""",Donovan,2022-04-25,R,680977,2B,4,33,Brendan,210
True,R,1997-07-04,28,Camilo,Camilo Doval,"6' 2""",Doval,2021-04-18,R,666808,P,1,75,Camilo,205
True,R,1998-05-14,27,Brenton,Brenton Doyle,"6' 3""",Doyle,2023-04-24,R,686668,CF,8,9,Brenton,220
True,R,1999-02-27,27,Jacob,Jack Dreyer,"6' 2""",Dreyer,2025-03-19,L,676263,P,1,86,Jack,205
True,R,1994-07-19,31,Mauricio,Mauricio Dubón,"5' 11""",Dubón,2019-07-07,R,643289,2B,4,14,Mauricio,173
True,R,1999-05-22,26,Ezequiel,Ezequiel Duran,"5' 10""",Duran,2022-06-04,R,677649,SS,6,20,Ezequiel,185
True,L,1996-09-05,29,Jarren,Jarren Duran,"6' 0""",Duran,2021-07-17,R,680776,LF,7,16,Jarren,205
True,R,1998-01-08,28,Jhoan,Jhoan Duran,"6' 5""",Duran,2022-04-08,R,661395,P,1,59,Jhoan,230
True,R,2000-02-22,26,Caleb,Caleb Durbin,"5' 6""",Durbin,2025-04-18,R,702332,3B,5,5,Caleb,183
True,L,2002-04-03,23,Todd,Connelly Early,"6' 3""",Early,2025-09-09,L,813349,P,1,71,Connelly,195
True,S,1999-08-09,26,Xavier,Xavier Edwards,"5' 9""",Edwards,2023-05-02,R,669364,SS,6,9,Xavier,175
True,R,1994-04-08,31,Zachary,Zach Eflin,"6' 6""",Eflin,2016-06-14,R,621107,P,1,24,Zach,230
True,R,1999-05-19,26,Bryce,Bryce Elder,"6' 2""",Elder,2022-04-12,R,693821,P,1,55,Bryce,220
True,R,1997-10-22,28,Jerar,Jerar Encarnacion,"6' 4""",Encarnacion,2022-06-19,R,666464,RF,9,19,Jerar,265
True,S,1999-11-01,26,Mason,Mason Englert,"6' 4""",Englert,2023-03-30,R,669438,P,1,59,Mason,205
True,L,1991-05-16,34,Dietrich,Dietrich Enns,"6' 1""",Enns,2017-08-10,L,608650,P,1,71,Dietrich,230
True,R,1990-02-13,36,Nathan,Nathan Eovaldi,"6' 2""",Eovaldi,2011-08-06,R,543135,P,1,17,Nathan,217
True,L,1995-05-01,30,Lucas,Lucas Erceg,"6' 2""",Erceg,2023-05-19,R,668674,P,1,60,Lucas,214
True,L,1995-04-24,30,Juan,J.C. Escarra,"6' 2""",Escarra,2025-03-29,R,641555,C,2,25,J.C.,220
True,R,1994-11-13,31,Santiago,Santiago Espinal,"5' 9""",Espinal,2020-07-25,R,669289,3B,5,21,Santiago,185
True,R,1992-12-28,33,Carlos,Carlos Estévez,"6' 6""",Estévez,2016-04-23,R,608032,P,1,53,Carlos,277
True,S,1998-11-01,27,Jeremiah,Jeremiah Estrada,"6' 1""",Estrada,2022-08-30,R,669093,P,1,56,Jeremiah,185
True,R,1999-04-24,26,Lazaro,Lazaro Estrada,"5' 10""",Estrada,2025-07-05,R,681751,P,1,60,Lazaro,180
True,R,1993-12-16,32,Peter,Pete Fairbanks,"6' 6""",Fairbanks,2019-06-09,R,664126,P,1,29,Pete,235
True,R,1997-04-24,28,Bailey,Bailey Falter,"6' 4""",Falter,2021-04-25,L,663559,P,1,36,Bailey,205
True,R,1990-08-17,35,James,Kyle Farmer,"5' 11""",Farmer,2017-07-30,R,571657,2B,4,15,Kyle,205
True,R,1995-09-22,30,Calvin,Calvin Faucher,"6' 1""",Faucher,2022-05-09,R,676534,P,1,53,Calvin,190
True,R,1993-02-25,33,Erick,Erick Fedde,"6' 4""",Fedde,2017-07-30,R,607200,P,1,47,Erick,205
True,L,1997-06-05,28,Hunter,Hunter Feduccia,"6' 1""",Feduccia,2024-07-31,R,676439,C,2,9,Hunter,215
True,R,1996-09-02,29,Ryan,Ryan Feltner,"6' 4""",Feltner,2021-09-05,R,663372,P,1,18,Ryan,190
True,R,1995-05-16,30,Freddy,Freddy Fermin,"5' 10""",Fermin,2022-07-15,R,666023,C,2,54,Freddy,200
True,R,1999-03-29,27,José,José Fermín,"5' 10""",Fermín,2023-07-07,R,665877,2B,4,15,José,198
True,R,2003-09-22,22,Jose,Jose Fernandez,"6' 3""",Fernandez,2026-03-31,R,699912,SS,6,11,Jose,165
True,L,2000-03-03,26,Jose,Jose A. Ferrer,"6' 1""",Ferrer,2023-07-01,L,678606,P,1,45,Jose A.,233
True,R,1993-03-11,33,Matthew,Matt Festa,"6' 1""",Festa,2018-07-14,R,670036,P,1,52,Matt,195
True,R,1991-09-04,34,Kyle,Kyle Finnegan,"6' 2""",Finnegan,2020-07-25,R,640448,P,1,67,Kyle,198
True,R,2000-07-26,25,Braydon,Braydon Fisher,"6' 4""",Fisher,2025-05-11,R,680755,P,1,63,Braydon,180
True,R,1995-10-15,30,Jack,Jack Flaherty,"6' 4""",Flaherty,2017-09-01,R,656427,P,1,9,Jack,225
True,R,2001-08-13,24,Mason,Mason Fluharty,"6' 2""",Fluharty,2025-04-01,L,689254,P,1,68,Mason,215
True,R,1996-11-11,29,Nicholas,Nick Fortes,"5' 11""",Fortes,2021-09-18,R,663743,C,2,40,Nick,198
True,L,1995-05-25,30,Jake,Jake Fraley,"5' 11""",Fraley,2019-08-21,L,641584,RF,9,17,Jake,206
True,R,1994-07-13,31,Tyler,Ty France,"5' 10""",France,2019-04-26,R,664034,1B,3,25,Ty,215
True,R,2000-11-25,25,Jose,Jose Franco,"6' 2""",Franco,2026-03-30,R,683742,P,1,74,Jose,257
True,L,1991-12-14,34,Adam,Adam Frazier,"5' 10""",Frazier,2016-06-24,R,624428,2B,4,20,Adam,190
True,S,2001-08-24,24,Alexander,Alex Freeland,"5' 11""",Freeland,2025-07-30,R,690976,SS,6,76,Alex,200
True,L,1993-05-14,32,Kyle,Kyle Freeland,"6' 4""",Freeland,2017-04-07,L,607536,P,1,21,Kyle,204
True,L,1989-09-12,36,Frederick,Freddie Freeman,"6' 4""",Freeman,2010-09-01,R,518692,1B,3,5,Freddie,220
True,R,1999-05-21,26,Tyler,Tyler Freeman,"5' 11""",Freeman,2022-08-03,R,671289,RF,9,2,Tyler,190
True,L,2000-04-19,25,Salvatore,Sal Frelick,"5' 9""",Frelick,2023-07-22,R,686217,RF,9,10,Sal,191
True,L,1994-01-18,32,Max,Max Fried,"6' 4""",Fried,2017-08-08,L,608331,P,1,54,Max,190
True,L,1995-08-14,30,Terry,TJ Friedl,"5' 8""",Friedl,2021-09-18,L,670770,CF,8,29,TJ,180
True,R,1995-11-20,30,David,David Fry,"6' 1""",Fry,2023-05-01,R,681807,1B,3,6,David,215
True,R,2005-06-17,20,Didier,Didier Fuentes,"6' 0""",Fuentes,2025-06-20,R,800311,P,1,72,Didier,170
True,R,1998-12-09,27,Braxton,Braxton Fulford,"5' 10""",Fulford,2025-04-16,R,690924,C,2,37,Braxton,190
True,L,1996-11-27,29,Kody,Kody Funderburk,"6' 4""",Funderburk,2023-08-28,L,681892,P,1,57,Kody,230
True,L,1993-02-11,33,Matthew,Matt Gage,"6' 4""",Gage,2022-06-06,L,657424,P,1,93,Matt,261
True,R,1995-08-03,30,Zachary,Zac Gallen,"6' 2""",Gallen,2019-06-20,R,668678,P,1,23,Zac,189
True,R,1993-03-02,33,Jose,Adolis García,"6' 0""",García,2018-08-08,R,666969,RF,9,53,Adolis,205
True,R,1994-01-10,32,Joshua,Rico Garcia,"5' 9""",Garcia,2019-08-27,R,670329,P,1,50,Rico,215
True,L,2000-05-16,25,Luis,Luis García Jr.,"6' 1""",García,2020-08-14,R,671277,2B,4,2,Luis,216
True,R,1987-01-30,39,Luis,Luis García,"6' 2""",García,2013-07-10,R,472610,P,1,40,Luis,240
True,R,2000-03-03,26,Maikel,Maikel Garcia,"6' 1""",Garcia,2022-07-15,R,672580,3B,5,11,Maikel,180
True,R,1996-06-14,29,Robert,Robert Garcia,"6' 4""",Garcia,2023-07-14,L,676395,P,1,62,Robert,236
True,R,1991-01-15,35,Mitchell,Mitch Garver,"6' 1""",Garver,2017-08-19,R,641598,C,2,18,Mitch,220
True,L,1991-01-06,35,Kevin,Kevin Gausman,"6' 2""",Gausman,2013-05-23,R,592332,P,1,34,Kevin,205
True,R,1997-05-05,28,Logan,Logan Gilbert,"6' 6""",Gilbert,2021-05-13,R,669302,P,1,36,Logan,215
True,L,1993-12-22,32,Tyler,Tyler Gilbert,"6' 3""",Gilbert,2021-08-03,L,656457,P,1,40,Tyler,225
True,L,1998-09-04,27,Andrés,Andrés Giménez,"5' 11""",Giménez,2020-07-24,R,665926,2B,4,0,Andrés,161
True,L,1994-03-24,32,Kevin,Kevin Ginkel,"6' 4""",Ginkel,2019-08-05,R,656464,P,1,37,Kevin,235
True,R,1999-05-20,26,John,J.T. Ginn,"6' 2""",Ginn,2024-08-21,R,669372,P,1,35,J.T.,200
True,L,1993-08-23,32,Tyler,Tyler Glasnow,"6' 8""",Glasnow,2016-07-07,R,607192,P,1,31,Tyler,225
True,R,1987-09-10,38,Paul,Paul Goldschmidt,"6' 2""",Goldschmidt,2011-08-01,R,502671,1B,3,48,Paul,225
True,R,1999-10-15,26,Yoendrys,Yoendrys Gómez,"6' 3""",Gómez,2023-09-28,R,672782,P,1,94,Yoendrys,212
True,R,1999-05-27,26,Nicholas,Nick Gonzales,"5' 8""",Gonzales,2023-06-23,R,693304,2B,4,3,Nick,193
True,R,1999-10-08,26,Hunter,Hunter Goodman,"5' 11""",Goodman,2023-08-27,R,696100,C,2,15,Hunter,210
True,L,1999-02-24,27,MacKenzie,MacKenzie Gore,"6' 2""",Gore,2022-04-15,L,669022,P,1,1,MacKenzie,193
True,L,2000-05-10,25,Nolan,Nolan Gorman,"6' 0""",Gorman,2022-05-20,R,669357,2B,4,16,Nolan,225
True,R,2000-03-17,26,Gordon,Gordon Graceffo,"6' 4""",Graceffo,2024-06-29,R,700669,P,1,44,Gordon,220
True,R,2000-05-12,25,Andre,Andre Granillo,"6' 4""",Granillo,2025-06-12,R,701552,P,1,79,Andre,250
True,R,1989-11-07,36,Sonny,Sonny Gray,"5' 10""",Gray,2013-07-10,R,543243,P,1,54,Sonny,190
True,L,1996-03-22,30,Tristan,Tristan Gray,"6' 1""",Gray,2023-09-16,R,656484,3B,5,4,Tristan,215
True,L,2000-09-28,25,Riley,Riley Greene,"6' 2""",Greene,2022-06-18,L,682985,LF,7,31,Riley,200
True,R,1991-08-13,34,Randal,Randal Grichuk,"6' 0""",Grichuk,2014-04-28,R,545341,RF,9,34,Randal,210
True,R,1995-07-27,30,Fred,Foster Griffin,"6' 3""",Griffin,2020-07-27,L,656492,P,1,22,Foster,225
True,L,1996-11-01,29,Trenton,Trent Grisham,"5' 10""",Grisham,2019-08-01,L,663757,CF,8,12,Trent,221
True,R,1999-03-16,27,Vladimir,Vladimir Guerrero Jr.,"6' 0""",Guerrero,2019-04-26,R,665489,1B,3,27,Vladimir,245
True,S,1994-05-26,31,Samuel,Sam Haggerty,"5' 11""",Haggerty,2019-09-04,R,664059,CF,8,0,Sam,175
True,L,1998-09-19,27,Dayton,DL Hall,"6' 1""",Hall,2022-08-13,L,669084,P,1,37,DL,209
True,L,1997-09-29,28,David,David Hamilton,"5' 10""",Hamilton,2023-06-21,R,666152,2B,4,6,David,192
True,R,1999-05-31,26,Emerson,Emerson Hancock,"6' 4""",Hancock,2023-08-09,R,676106,P,1,26,Emerson,213
True,S,1994-08-12,31,Ian,Ian Happ,"5' 10""",Happ,2017-05-13,R,664023,LF,7,8,Ian,205
True,L,1992-10-16,33,Bryce,Bryce Harper,"6' 1""",Harper,2012-04-28,R,547180,1B,3,3,Bryce,210
True,R,1996-12-26,29,Hogan,Hogan Harris,"6' 3""",Harris,2023-04-14,L,663687,P,1,36,Hogan,230
True,L,2001-03-07,25,Michael,Michael Harris II,"5' 11""",Harris,2022-05-28,L,671739,CF,8,23,Michael,195
True,R,2001-08-12,24,Kyle,Kyle Harrison,"6' 2""",Harrison,2023-08-22,L,690986,P,1,52,Kyle,216
True,L,1992-11-23,33,Kyle,Kyle Hart,"6' 5""",Hart,2020-08-13,L,606996,P,1,68,Kyle,200
True,R,1994-12-09,31,Hunter,Hunter Harvey,"6' 3""",Harvey,2019-08-17,R,640451,P,1,45,Hunter,233
True,R,1997-01-28,29,Ke'Bryan,Ke'Bryan Hayes,"5' 11""",Hayes,2020-09-01,R,663647,3B,5,3,Ke'Bryan,215
True,R,1995-07-05,30,Austin,Austin Hays,"5' 10""",Hays,2017-09-07,R,669720,LF,7,21,Austin,200
True,L,1997-12-17,28,Brent,Brent Headrick,"6' 6""",Headrick,2023-04-19,L,687396,P,1,47,Brent,235
True,R,1992-08-18,33,Austin,Austin Hedges,"6' 0""",Hedges,2015-05-04,R,595978,C,2,27,Austin,220
True,S,1995-06-27,30,Jonah,Jonah Heim,"6' 4""",Heim,2020-08-25,R,641680,C,2,20,Jonah,220
True,S,1991-06-19,34,Tyler,Tyler Heineman,"5' 10""",Heineman,2019-09-04,R,623168,C,2,55,Tyler,190
True,R,1994-07-18,31,Ryan,Ryan Helsley,"6' 2""",Helsley,2019-04-16,R,664854,P,1,21,Ryan,235
True,L,2001-06-29,24,Gunnar,Gunnar Henderson,"6' 3""",Henderson,2022-08-31,R,683002,SS,6,2,Gunnar,230
True,R,2002-06-24,23,Edgardo,Edgardo Henriquez,"6' 4""",Henriquez,2024-09-24,R,683618,P,1,60,Edgardo,200
True,R,1999-07-15,26,Jeffrey,Cole Henry,"6' 4""",Henry,2025-04-13,R,669371,P,1,99,Cole,200
True,R,1993-09-09,32,Jimmy,Jimmy Herget,"6' 3""",Herget,2019-07-07,R,623474,P,1,44,Jimmy,170
True,R,2001-08-03,24,Darell,Darell Hernaiz,"5' 11""",Hernaiz,2024-03-28,R,687231,3B,5,2,Darell,190
True,R,1999-12-16,26,Heriberto,Heriberto Hernández,"5' 11""",Hernandez,2025-05-30,R,681715,LF,7,13,Heriberto,195
True,R,1992-10-15,33,Teoscar,Teoscar Hernández,"6' 0""",Hernández,2016-08-12,R,606192,RF,9,37,Teoscar,215
True,R,2000-06-01,25,Ivan,Iván Herrera,"5' 11""",Herrera,2022-05-24,R,671056,C,2,48,Iván,220
True,L,1996-10-08,29,Tim,Tim Herrin,"6' 6""",Herrin,2023-04-02,L,682120,P,1,29,Tim,230
True,R,1996-09-06,29,Jordan,Jordan Hicks,"6' 2""",Hicks,2018-03-29,R,663855,P,1,44,Jordan,217
True,L,1999-06-02,26,Liam,Liam Hicks,"5' 9""",Hicks,2025-03-28,R,689414,C,2,34,Liam,185
True,R,1990-04-20,35,Kyle,Kyle Higashioka,"6' 1""",Higashioka,2017-04-10,R,543309,C,2,11,Kyle,202
True,R,1995-12-30,30,Derek,Derek Hill,"6' 0""",Hill,2020-09-04,R,656537,CF,8,25,Derek,206
True,R,1999-12-22,26,Kenneth,Jaden Hill,"6' 4""",Hill,2024-09-07,R,677955,P,1,0,Jaden,234
True,R,1990-02-10,36,Timothy,Tim Hill,"6' 4""",Hill,2018-03-29,L,657612,P,1,41,Tim,210
True,R,1995-12-31,30,Yaramil,Yaramil Hiraldo,"6' 1""",Hiraldo,2025-05-27,R,682274,P,1,76,Yaramil,220
True,R,1997-05-13,28,Nicholas,Nico Hoerner,"5' 11""",Hoerner,2019-09-09,R,663538,2B,4,2,Nico,200
True,R,1993-01-08,33,Jeffrey,Jeff Hoffman,"6' 5""",Hoffman,2016-08-20,R,656546,P,1,23,Jeff,235
True,R,2000-02-02,26,Andrew,Andrew Hoffmann,"6' 5""",Hoffmann,2025-05-30,R,694851,P,1,56,Andrew,210
True,R,1995-10-08,30,Colin,Colin Holderman,"6' 6""",Holderman,2022-05-15,R,670059,P,1,35,Colin,230
True,R,1993-03-27,33,Clayton,Clay Holmes,"6' 5""",Holmes,2018-04-06,R,605280,P,1,35,Clay,245
True,L,1996-03-22,30,Harrison,Grant Holmes,"6' 0""",Holmes,2024-06-16,R,656550,P,1,66,Grant,226
True,L,1996-06-13,29,Weston,Tyler Holton,"6' 2""",Holton,2022-04-28,L,663947,P,1,87,Tyler,200
True,R,2001-08-20,24,Cade,Cade Horton,"6' 1""",Horton,2025-05-10,R,690990,P,1,22,Cade,211
True,L,1997-11-14,28,Spencer,Spencer Horwitz,"5' 10""",Horwitz,2023-06-18,R,687462,1B,3,2,Spencer,204
True,R,1993-03-17,33,Rhys,Rhys Hoskins,"6' 3""",Hoskins,2017-08-10,R,656555,1B,3,8,Rhys,241
True,R,2003-06-04,22,Brady,Brady House,"6' 4""",House,2025-06-16,R,691781,3B,5,12,Brady,208
True,R,1993-02-02,33,Adrian,Adrian Houser,"6' 4""",Houser,2015-09-26,R,605288,P,1,12,Adrian,227
True,L,1997-05-08,28,Bryan,Bryan Hudson,"6' 8""",Hudson,2023-06-17,L,663542,P,1,60,Bryan,248
True,L,1998-09-06,27,Brant,Brant Hurter,"6' 6""",Hurter,2024-08-04,L,676428,P,1,48,Brant,250
True,R,1993-04-03,32,Andy,Andy Ibáñez,"5' 10""",Ibáñez,2021-05-04,R,628451,3B,5,77,Andy,205
True,R,1990-01-04,36,Raisel,Raisel Iglesias,"6' 2""",Iglesias,2015-04-12,R,628452,P,1,26,Raisel,190
True,R,1998-05-09,27,Tatsuya,Tatsuya Imai,"5' 11""",Imai,2026-03-29,R,837227,P,1,45,Tatsuya,176
True,L,1993-09-01,32,Shota,Shota Imanaga,"5' 10""",Imanaga,2024-04-01,L,684007,P,1,18,Shota,175
True,R,1996-12-15,29,Jonathan,Jonathan India,"5' 10""",India,2021-04-01,R,663697,2B,4,6,Jonathan,200
True,R,1997-02-18,29,Jacob,Jake Irvin,"6' 6""",Irvin,2023-05-03,R,663623,P,1,27,Jake,234
True,L,1997-03-03,29,Kyle,Kyle Isbel,"5' 10""",Isbel,2021-04-01,R,664728,CF,8,28,Kyle,190
True,R,2000-03-26,26,Jeremiah,Jeremiah Jackson,"5' 11""",Jackson,2025-08-01,R,669236,2B,4,82,Jeremiah,200
True,R,1995-04-15,30,Daniel,Danny Jansen,"6' 2""",Jansen,2018-08-13,R,643376,C,2,9,Danny,240
True,S,1987-09-30,38,Kenley,Kenley Jansen,"6' 5""",Jansen,2010-07-24,R,445276,P,1,74,Kenley,265
True,R,1997-03-26,29,Cristian,Cristian Javier,"6' 1""",Javier,2020-07-25,R,664299,P,1,53,Cristian,210
True,R,1994-11-22,31,James,Griffin Jax,"6' 2""",Jax,2021-06-08,R,643377,P,1,22,Griffin,195
True,R,1997-06-03,28,Ryan,Ryan Jeffers,"6' 2""",Jeffers,2020-08-20,R,680777,C,2,27,Ryan,235
True,L,2003-07-03,22,Carter,Carter Jensen,"6' 0""",Jensen,2025-09-02,R,695600,C,2,22,Carter,210
True,R,2001-05-17,24,Leonardo,Leo Jiménez,"5' 10""",Jimenez,2024-06-26,R,677870,SS,6,19,Leo,215
True,S,1995-10-27,30,Bryce,Bryce Johnson,"5' 11""",Johnson,2022-08-03,R,669369,CF,8,29,Bryce,190
True,R,1991-05-10,34,Pierce,Pierce Johnson,"6' 2""",Johnson,2017-05-19,R,572955,P,1,52,Pierce,202
True,S,2002-08-05,23,Ryan,Ryan Johnson,"6' 6""",Johnson,2025-03-27,R,696270,P,1,32,Ryan,215
True,L,1997-06-22,28,Troy,Troy Johnston,"5' 11""",Johnston,2025-07-29,L,687859,OF,O,20,Troy,205
True,R,1997-08-04,28,Jahmai,Jahmai Jones,"5' 10""",Jones,2020-08-31,R,663330,RF,9,18,Jahmai,210
True,R,1992-04-26,33,Aaron,Aaron Judge,"6' 7""",Judge,2016-08-13,R,592450,RF,9,99,Aaron,282
True,L,1999-04-30,26,Edouard,Edouard Julien,"6' 1""",Julien,2023-04-12,R,666397,2B,4,6,Edouard,195
True,R,1998-02-12,28,Joshua,Josh Jung,"6' 1""",Jung,2022-09-09,R,673962,3B,5,6,Josh,214
True,R,1992-09-16,33,Jakob,Jakob Junis,"6' 3""",Junis,2017-04-12,R,596001,P,1,16,Jakob,238
True,R,1996-01-15,30,Janson,Janson Junk,"6' 2""",Junk,2021-09-05,R,676083,P,1,26,Janson,197
True,R,2002-07-26,23,Kyle,Kyle Karros,"6' 5""",Karros,2025-08-08,R,691720,3B,5,12,Kyle,220
True,L,1995-03-21,31,Anthony,Anthony Kay,"6' 0""",Kay,2019-09-07,L,641743,P,1,18,Anthony,225
True,L,2001-10-28,24,Collin,CJ Kayfus,"5' 11""",Kayfus,2025-08-02,L,692216,1B,3,2,CJ,192
True,R,2002-08-15,23,Luke,Luke Keaschall,"6' 0""",Keaschall,2025-04-18,R,807712,2B,4,15,Luke,190
True,L,2001-08-14,24,Colten,Colt Keith,"6' 2""",Keith,2024-03-28,R,690993,2B,4,33,Colt,211
True,R,1995-07-27,30,Brad,Brad Keller,"6' 5""",Keller,2018-03-29,R,641745,P,1,40,Brad,255
True,R,1996-04-04,29,Mitch,Mitch Keller,"6' 3""",Keller,2019-05-27,R,656605,P,1,23,Mitch,213
True,R,1994-07-14,31,Carson,Carson Kelly,"6' 1""",Kelly,2016-09-05,R,608348,C,2,15,Carson,212
True,R,1997-11-28,28,Kevin,Kevin Kelly,"6' 2""",Kelly,2023-04-01,R,687330,P,1,49,Kevin,195
True,R,1992-09-06,33,Michael,Michael Kelly,"6' 4""",Kelly,2022-06-16,R,547184,P,1,49,Michael,185
True,R,1999-09-09,26,Otto,Otto Kemp,"5' 11""",Kemp,2025-06-07,R,805249,OF,O,4,Otto,185
True,R,1998-02-24,28,Zachary,Zak Kent,"6' 3""",Kent,2025-04-23,R,687849,P,1,54,Zak,208
True,L,1991-06-17,34,Yusei,Yusei Kikuchi,"6' 0""",Kikuchi,2019-03-21,L,579328,P,1,16,Yusei,210
True,R,1997-06-02,28,Caleb,Caleb Kilian,"6' 4""",Kilian,2022-06-04,R,668873,P,1,45,Caleb,206
True,R,1995-03-23,31,Isiah,Isiah Kiner-Falefa,"5' 10""",Kiner-Falefa,2018-04-10,R,643396,SS,6,2,Isiah,195
True,R,1996-11-05,29,Bryan,Bryan King,"6' 1""",King,2024-06-23,L,687911,P,1,74,Bryan,205
True,L,1994-09-14,31,John,John King,"6' 2""",King,2020-09-04,L,667463,P,1,47,John,215
True,R,1995-05-25,30,Michael,Michael King,"6' 3""",King,2019-09-27,R,650633,P,1,34,Michael,210
True,R,1994-04-29,31,Scott,Scott Kingery,"5' 9""",Kingery,2018-03-30,R,664068,2B,4,12,Scott,180
True,R,1991-01-31,35,Tyler,Tyler Kinley,"6' 4""",Kinley,2018-04-07,R,641755,P,1,45,Tyler,220
True,R,1998-02-04,28,George,George Kirby,"6' 4""",Kirby,2022-05-08,R,669923,P,1,68,George,215
True,R,1998-11-06,27,Alejandro,Alejandro Kirk,"5' 8""",Kirk,2020-09-12,R,672386,C,2,30,Alejandro,245
True,R,1999-11-28,26,William,Will Klein,"6' 5""",Klein,2024-04-28,R,694361,P,1,61,Will,230
True,L,2000-12-22,25,Jack,Jack Kochanowicz,"6' 7""",Kochanowicz,2024-07-11,R,686799,P,1,41,Jack,228
True,R,1994-01-24,32,Jared,Jared Koenig,"6' 5""",Koenig,2022-06-08,L,657649,P,1,47,Jared,244
True,R,1998-01-27,28,Christian,Christian Koss,"6' 1""",Koss,2025-04-01,R,683766,2B,4,50,Christian,185
True,L,2003-03-12,23,Nicholas,Nick Kurtz,"6' 5""",Kurtz,2025-04-23,L,701762,1B,3,16,Nick,240
True,L,1997-09-05,28,Steven,Steven Kwan,"5' 8""",Kwan,2022-04-07,L,680757,LF,7,38,Steven,170
True,R,1995-10-02,30,Alexander,Alex Lange,"6' 3""",Lange,2021-04-10,R,656638,P,1,56,Alex,202
True,R,1997-11-18,28,Shea,Shea Langeliers,"5' 11""",Langeliers,2022-08-16,R,669127,C,2,23,Shea,205
True,R,2001-11-15,24,Wyatt,Wyatt Langford,"6' 0""",Langford,2024-03-28,R,694671,LF,7,36,Wyatt,225
True,L,1997-02-26,29,Trevor,Trevor Larnach,"6' 3""",Larnach,2021-05-08,R,663616,RF,9,9,Trevor,223
True,R,1996-04-08,29,Jacob,Jacob Latz,"6' 2""",Latz,2021-08-25,L,656641,P,1,67,Jacob,185
True,R,1995-06-03,30,Eric,Eric Lauer,"6' 3""",Lauer,2018-04-24,L,641778,P,1,56,Eric,209
True,R,1994-07-15,31,Ramón,Ramón Laureano,"5' 9""",Laureano,2018-08-03,R,657656,RF,9,5,Ramón,203
True,L,1998-05-10,27,Cody,Cody Laweryson,"6' 4""",Laweryson,2025-09-13,R,689520,P,1,65,Cody,205
True,R,2002-07-17,23,Jordan,Jordan Lawlar,"6' 0""",Lawlar,2023-09-07,R,691783,SS,6,10,Jordan,190
True,R,1994-11-25,31,Justin,Justin Lawrence,"6' 3""",Lawrence,2021-04-29,R,664875,P,1,61,Justin,211
True,S,1997-06-04,28,Kyle,Kyle Leahy,"6' 5""",Leahy,2023-07-07,R,681517,P,1,62,Kyle,225
True,R,1998-08-15,27,Jordan,Jordan Leasure,"6' 3""",Leasure,2024-03-30,R,673929,P,1,49,Jordan,220
True,S,2001-02-14,25,Brooks,Brooks Lee,"6' 0""",Lee,2024-07-03,R,686797,3B,5,22,Brooks,205
True,L,1994-08-01,31,Dylan,Dylan Lee,"6' 3""",Lee,2021-10-01,L,669276,P,1,52,Dylan,214
True,L,1998-08-20,27,Jung Hoo,Jung Hoo Lee,"6' 0""",Lee,2024-03-28,R,808982,CF,8,51,Jung Hoo,196
True,R,1997-06-19,28,Casey,Casey Legumina,"6' 2""",Legumina,2023-04-15,R,668984,P,1,64,Casey,195
True,R,2000-04-21,25,Jack,Jack Leiter,"6' 1""",Leiter,2024-04-18,R,683004,P,1,22,Jack,205
True,R,1991-03-13,35,Mark,Mark Leiter Jr.,"6' 0""",Leiter,2017-04-28,R,643410,P,1,38,Mark,210
True,R,1999-06-05,26,Royce,Royce Lewis,"6' 0""",Lewis,2022-05-06,R,668904,3B,5,23,Royce,200
True,L,1999-11-06,26,Matthew,Matthew Liberatore,"6' 4""",Liberatore,2022-05-21,L,669461,P,1,32,Matthew,215
True,L,2002-11-30,23,Daylen,Daylen Lile,"5' 11""",Lile,2025-05-23,R,695734,RF,9,4,Daylen,195
True,S,1993-11-14,32,Francisco,Francisco Lindor,"5' 10""",Lindor,2015-06-14,R,596019,SS,6,12,Francisco,190
True,R,1995-10-05,30,Zack,Zack Littell,"6' 4""",Littell,2018-06-05,R,641793,P,1,18,Zack,250
True,L,1996-08-11,29,Brendon,Brendon Little,"6' 2""",Little,2022-08-30,L,663893,P,1,54,Brendon,195
True,R,1994-11-02,31,Jonathan,Jonathan Loáisiga,"5' 11""",Loáisiga,2018-06-15,R,642528,P,1,43,Jonathan,195
True,R,1997-03-14,29,Brandon,Brandon Lockridge,"6' 0""",Lockridge,2024-09-13,R,663604,LF,7,20,Brandon,197
True,R,1998-09-25,27,Nicholas,Nick Loftin,"5' 11""",Loftin,2023-09-01,R,679845,LF,7,12,Nick,180
True,L,1999-05-11,26,Mario,Joey Loperfido,"6' 3""",Loperfido,2024-04-30,R,694388,LF,7,10,Joey,220
True,L,1998-03-11,28,Jacob,Jacob Lopez,"6' 4""",Lopez,2023-08-14,L,682052,P,1,57,Jacob,220
True,R,1998-10-01,27,Otto,Otto Lopez,"5' 10""",Lopez,2021-08-17,R,672640,2B,4,6,Otto,185
True,R,1994-01-04,32,Reynaldo,Reynaldo López,"6' 1""",López,2016-07-19,R,625643,P,1,40,Reynaldo,225
True,R,2000-02-14,26,Bradley,Brad Lord,"6' 3""",Lord,2025-03-30,R,695418,P,1,41,Brad,210
True,R,1992-01-04,34,Michael,Michael Lorenzen,"6' 1""",Lorenzen,2015-04-29,R,547179,P,1,24,Michael,217
True,L,1995-07-07,30,Richard,Richard Lovelady,"6' 0""",Lovelady,2019-04-09,L,663992,P,1,55,Richard,185
True,R,2002-03-08,24,Rhett,Rhett Lowder,"6' 1""",Lowder,2024-08-30,R,695076,P,1,25,Rhett,200
True,L,1994-07-06,31,Brandon,Brandon Lowe,"5' 9""",Lowe,2018-08-05,R,664040,2B,4,5,Brandon,181
True,L,1995-07-07,30,David,Nathaniel Lowe,"6' 4""",Lowe,2019-04-29,R,663993,1B,3,31,Nathaniel,220
True,L,1998-02-02,28,Joshua,Josh Lowe,"6' 3""",Lowe,2021-09-08,R,666139,RF,9,3,Josh,220
True,L,1993-06-06,32,Joseph,Joey Lucchesi,"6' 5""",Lucchesi,2018-03-30,L,664192,P,1,67,Joey,228
True,R,1989-11-17,36,Jacob,Seth Lugo,"6' 4""",Lugo,2016-07-01,R,607625,P,1,67,Seth,225
True,L,1994-07-12,31,Nathan,Nathan Lukes,"5' 11""",Lukes,2023-03-30,R,664770,RF,9,38,Nathan,180
True,L,1997-09-30,28,Jesús,Jesús Luzardo,"6' 0""",Luzardo,2019-09-11,L,666200,P,1,44,Jesús,218
True,L,1996-11-17,29,Daniel,Daniel Lynch IV,"6' 6""",Lynch,2021-05-03,L,663738,P,1,41,Daniel,200
True,R,1992-07-06,33,Manuel,Manny Machado,"6' 2""",Machado,2012-08-09,R,592518,3B,5,13,Manny,218
True,R,1994-09-29,31,Tyler,Tyler Mahle,"6' 3""",Mahle,2017-08-27,R,641816,P,1,54,Tyler,212
True,R,1992-02-01,34,Sean,Sean Manaea,"6' 5""",Manaea,2016-04-29,L,640455,P,1,59,Sean,245
True,S,1996-03-08,30,Jake,Jake Mangum,"5' 11""",Mangum,2025-03-30,L,663968,LF,7,28,Jake,191
True,L,2000-07-18,25,Kyle,Kyle Manzardo,"5' 11""",Manzardo,2024-05-06,R,700932,1B,3,9,Kyle,205
True,S,1999-02-25,27,Rafael,Rafael Marchán,"5' 9""",Marchán,2020-09-14,R,665561,C,2,13,Rafael,170
True,R,1995-07-01,30,Ronald,Ron Marinaccio,"6' 2""",Marinaccio,2022-04-09,R,676760,P,1,97,Ron,205
True,R,1995-02-22,31,Germán,Germán Márquez,"6' 1""",Márquez,2016-09-08,R,608566,P,1,33,Germán,230
True,L,2001-06-28,24,Jakob,Jakob Marsee,"6' 0""",Marsee,2025-08-01,L,805300,CF,8,87,Jakob,180
True,L,1997-12-18,28,Brandon,Brandon Marsh,"6' 2""",Marsh,2021-07-18,R,669016,CF,8,16,Brandon,215
True,S,1993-10-12,32,Ketel,Ketel Marte,"6' 0""",Marte,2015-07-31,R,606466,2B,4,4,Ketel,210
True,R,2001-10-16,24,Noelvi,Noelvi Marte,"6' 2""",Marte,2023-08-19,R,682622,OF,O,4,Noelvi,216
True,R,1988-10-09,37,Starling,Starling Marte,"6' 0""",Marte,2012-07-26,R,516782,LF,7,0,Starling,195
True,R,1999-03-23,27,Christopher,Austin Martin,"5' 10""",Martin,2024-03-30,R,668885,CF,8,16,Austin,185
True,R,1986-06-02,39,Christopher,Chris Martin,"6' 8""",Martin,2014-04-26,R,455119,P,1,31,Chris,224
True,L,1997-01-04,29,Davis,Davis Martin,"6' 2""",Martin,2022-05-17,R,663436,P,1,65,Davis,215
True,S,2002-01-27,24,Angel,Angel Martínez,"5' 11""",Martínez,2024-06-22,R,682657,CF,8,1,Angel,200
True,L,1990-08-05,35,Nicholas,Nick Martinez,"6' 1""",Martinez,2014-04-05,R,607259,P,1,28,Nick,200
True,R,1995-06-23,30,Jorge,Jorge Mateo,"6' 0""",Mateo,2020-08-13,R,622761,SS,6,2,Jorge,200
True,R,1993-03-25,33,Phillip,Phil Maton,"6' 2""",Maton,2017-06-11,R,664208,P,1,88,Phil,206
True,R,2002-01-28,24,Luis,Luis Matos,"5' 11""",Matos,2023-06-14,R,682641,RF,9,21,Luis,205
True,R,2002-03-16,24,Brice,Brice Matthews,"5' 10""",Matthews,2025-07-11,R,694728,SS,6,0,Brice,190
True,R,1995-07-14,30,Isaac,Isaac Mattson,"6' 2""",Mattson,2021-05-07,R,676755,P,1,72,Isaac,214
True,R,1991-05-29,34,Steven,Steven Matz,"6' 2""",Matz,2015-06-28,L,571927,P,1,32,Steven,205
True,R,1997-09-06,28,Dustin,Dustin May,"6' 6""",May,2019-08-02,R,669160,P,1,3,Dustin,180
True,L,2002-12-12,23,Marcelo,Marcelo Mayer,"6' 3""",Mayer,2025-05-24,R,691785,3B,5,11,Marcelo,188
True,R,2001-12-10,24,Coby,Coby Mayo,"6' 5""",Mayo,2024-08-02,R,691723,1B,3,16,Coby,225
True,L,1992-01-15,34,Timothy,Tim Mayza,"6' 3""",Mayza,2017-08-15,L,641835,P,1,37,Tim,215
True,R,1990-06-13,35,James,James McCann,"6' 2""",McCann,2014-09-01,R,543510,C,2,8,James,235
True,L,1997-07-30,28,Jacob,Jake McCarthy,"6' 0""",McCarthy,2021-08-27,L,664983,CF,8,31,Jake,215
True,L,1997-04-28,28,Shane,Shane McClanahan,"6' 3""",McClanahan,2020-10-05,L,663556,P,1,18,Shane,210
True,L,1993-10-02,32,Lance,Lance McCullers Jr.,"6' 1""",McCullers,2015-05-18,R,621121,P,1,43,Lance,200
True,R,1986-10-10,39,Andrew,Andrew McCutchen,"5' 10""",McCutchen,2009-06-04,R,457705,RF,9,4,Andrew,190
True,L,2004-08-18,21,Kevin,Kevin McGonigle,"5' 9""",McGonigle,2026-03-26,R,805808,SS,6,7,Kevin,187
True,L,2000-07-08,25,Michael,Michael McGreevy,"6' 4""",McGreevy,2024-07-31,R,700241,P,1,36,Michael,220
True,L,1995-03-02,31,Reese,Reese McGuire,"6' 0""",McGuire,2018-09-06,R,624512,C,2,30,Reese,230
True,L,1995-04-29,30,Zachary,Zach McKinstry,"5' 11""",McKinstry,2020-09-16,R,656716,3B,5,39,Zach,180
True,R,1999-08-06,26,Matthew,Matt McLain,"5' 8""",McLain,2023-05-15,R,680574,2B,4,9,Matt,180
True,R,2001-07-24,24,Nolan,Nolan McLean,"6' 2""",McLean,2025-08-16,R,690997,P,1,26,Nolan,214
True,L,1994-12-14,31,Ryan,Ryan McMahon,"6' 2""",McMahon,2017-08-12,R,641857,3B,5,19,Ryan,211
True,L,1992-04-08,33,Jeffrey,Jeff McNeil,"6' 0""",McNeil,2018-07-24,R,643446,2B,4,22,Jeff,195
True,R,2000-10-26,25,Curtis,Curtis Mead,"6' 1""",Mead,2023-08-04,R,678554,1B,3,45,Curtis,225
True,L,1999-11-02,26,Parker,Parker Meadows,"6' 5""",Meadows,2023-08-21,R,678009,CF,8,22,Parker,205
True,R,1996-10-07,29,Nicolaus,Nick Mears,"6' 3""",Mears,2020-08-08,R,683232,P,1,31,Nick,217
True,R,1999-05-03,26,Luis,Luis Medina,"6' 1""",Medina,2023-04-26,R,665622,P,1,46,Luis,175
True,L,1993-12-05,32,Trevor,Trevor Megill,"6' 8""",Megill,2021-04-26,R,656730,P,1,29,Trevor,253
True,R,2001-07-23,24,Chase,Chase Meidroth,"5' 9""",Meidroth,2025-04-11,R,805367,SS,6,10,Chase,190
True,R,2000-07-04,25,Juan,Juan Mejia,"6' 3""",Mejia,2025-04-24,R,675848,P,1,47,Juan,200
True,L,2003-04-19,22,Jackson,Jackson Merrill,"6' 2""",Merrill,2024-03-20,R,701538,CF,8,3,Jackson,195
True,L,2000-10-26,25,Parker,Parker Messick,"6' 0""",Messick,2025-08-20,L,800048,P,1,77,Parker,225
True,L,1999-03-12,27,Max,Max Meyer,"6' 0""",Meyer,2022-07-16,R,676974,P,1,23,Max,196
True,R,1996-06-18,29,Jacob,Jake Meyers,"6' 0""",Meyers,2021-08-01,L,676694,CF,8,6,Jake,200
True,R,1988-08-23,37,Miles,Miles Mikolas,"6' 4""",Mikolas,2012-05-05,R,571945,P,1,36,Miles,230
True,L,2000-07-26,25,Spencer,Spencer Miles,"6' 3""",Miles,2026-03-28,R,693686,P,1,62,Spencer,180
True,S,1998-01-15,28,Andrew,Drew Millas,"6' 0""",Millas,2023-08-28,R,686452,C,2,14,Drew,204
True,L,1998-02-13,28,Erik,Erik Miller,"6' 5""",Miller,2024-03-28,L,669062,P,1,68,Erik,269
True,R,1998-08-24,27,Mason,Mason Miller,"6' 5""",Miller,2023-04-19,R,695243,P,1,22,Mason,200
True,L,1991-01-13,35,Hoby,Hoby Milner,"6' 3""",Milner,2017-06-24,L,571948,P,1,41,Hoby,187
True,R,2002-04-03,23,Jacob,Jacob Misiorowski,"6' 7""",Misiorowski,2025-06-12,R,694819,P,1,32,Jacob,201
True,L,1998-09-04,27,Garrett,Garrett Mitchell,"6' 2""",Mitchell,2022-08-27,R,669003,CF,8,5,Garrett,229
True,R,1997-05-01,28,Casey,Casey Mize,"6' 3""",Mize,2020-08-19,R,663554,P,1,12,Casey,212
True,R,1999-02-19,27,Carmen,Carmen Mlodzinski,"6' 2""",Mlodzinski,2023-06-16,R,669387,P,1,50,Carmen,210
True,L,1992-01-03,34,Samuel,Sam Moll,"5' 9""",Moll,2017-09-01,L,594580,P,1,50,Sam,190
True,R,1997-05-30,28,Andruw,Andruw Monasterio,"5' 11""",Monasterio,2023-05-28,R,655316,SS,6,32,Andruw,195
True,S,1995-05-27,30,Yoán,Yoán Moncada,"6' 0""",Moncada,2016-09-02,R,660162,3B,5,10,Yoán,220
True,L,2002-02-27,24,Colson,Colson Montgomery,"6' 3""",Montgomery,2025-07-04,R,695657,SS,6,12,Colson,230
True,L,2000-06-17,25,Mason,Mason Montgomery,"6' 2""",Montgomery,2024-09-05,L,682254,P,1,46,Mason,205
True,R,1992-08-02,33,Dylan,Dylan Moore,"6' 1""",Moore,2019-03-20,R,664238,2B,4,25,Dylan,205
True,R,2002-09-24,23,Luis,Luis Morales,"6' 3""",Morales,2025-08-01,R,806960,P,1,19,Luis,200
True,L,1997-04-24,28,Jovani,Jovani Morán,"6' 1""",Moran,2021-09-12,L,663558,P,1,47,Jovani,167
True,L,1999-02-27,27,Adrian,Adrian Morejon,"5' 11""",Morejon,2019-07-21,L,670970,P,1,50,Adrian,224
True,R,2000-02-14,26,Gabriel,Gabriel Moreno,"5' 9""",Moreno,2022-06-11,R,672515,C,2,14,Gabriel,195
True,R,1999-10-26,26,David,David Morgan,"6' 0""",Morgan,2025-05-26,R,688158,P,1,66,David,185
True,R,1999-03-19,27,Juan,Juan Morillo,"6' 1""",Morillo,2025-04-19,R,666661,P,1,62,Juan,150
True,R,1997-02-18,29,Ryan,Ryan Mountcastle,"6' 3""",Mountcastle,2020-08-21,R,663624,1B,3,6,Ryan,230
True,L,1994-10-01,31,Boyce,Cedric Mullins,"5' 7""",Mullins,2018-08-10,L,656775,CF,8,31,Cedric,175
True,L,1990-08-25,35,Maxwell,Max Muncy,"5' 10""",Muncy,2015-04-25,R,571970,3B,5,13,Max,215
True,R,2002-08-25,23,Maxwell,Max Muncy,"6' 0""",Muncy,2025-03-27,R,691777,3B,5,3,Max,180
True,R,1999-01-16,27,Andrés,Andrés Muñoz,"6' 2""",Muñoz,2019-07-12,R,662253,P,1,75,Andrés,222
True,R,2000-04-14,25,Roddery,Roddery Muñoz,"6' 2""",Muñoz,2024-04-20,R,682610,P,1,46,Roddery,210
True,L,2000-02-02,26,Munetaka,Munetaka Murakami,"6' 2""",Murakami,2026-03-26,R,808959,3B,5,5,Munetaka,213
True,L,1998-06-05,27,Christopher,Chris Murphy,"6' 1""",Murphy,2023-06-07,L,669684,P,1,38,Chris,186
True,R,1996-03-08,30,Dane,Dane Myers,"6' 0""",Myers,2023-07-04,R,667472,CF,8,17,Dane,205
True,R,1998-08-05,27,Tobias,Tobias Myers,"6' 1""",Myers,2024-04-23,R,668964,P,1,32,Tobias,223
True,R,1991-03-19,35,Thomas,Tommy Nance,"6' 6""",Nance,2021-05-17,R,667297,P,1,45,Tommy,235
True,L,1998-08-18,27,Andrew,Andrew Nardi,"6' 3""",Nardi,2022-08-16,L,677053,P,1,43,Andrew,215
True,R,1998-11-26,27,Carlos,Carlos Narváez,"5' 11""",Narváez,2024-07-20,R,665966,C,2,75,Carlos,190
True,L,1997-06-22,28,Joshua-Douglas,Josh Naylor,"5' 10""",Naylor,2019-05-24,L,647304,1B,3,12,Josh,235
True,L,2000-02-21,26,Noah,Bo Naylor,"5' 9""",Naylor,2022-10-01,R,666310,C,2,23,Bo,205
True,R,1998-02-01,28,Ryne,Ryne Nelson,"6' 3""",Nelson,2022-09-05,R,669194,P,1,19,Ryne,184
True,R,2001-01-31,25,Zachary,Zach Neto,"5' 11""",Neto,2023-04-15,R,687263,SS,6,9,Zach,185
True,L,1993-06-12,32,Sean,Sean Newcomb,"6' 5""",Newcomb,2017-06-10,L,656794,P,1,15,Sean,255
True,L,1993-03-27,33,Brandon,Brandon Nimmo,"6' 1""",Nimmo,2016-06-26,R,607043,LF,7,24,Brandon,206
True,R,1993-06-04,32,Aaron,Aaron Nola,"6' 2""",Nola,2015-07-21,R,605400,P,1,27,Aaron,200
True,R,2000-06-08,25,Connor,Connor Norby,"5' 10""",Norby,2024-06-03,R,681393,3B,5,1,Connor,180
True,S,2001-07-10,24,Anthony,Anthony Nunez,"6' 2""",Nunez,2026-03-28,R,689296,P,1,66,Anthony,220
True,S,2000-08-18,25,Nasim,Nasim Nuñez,"5' 8""",Nuñez,2024-03-30,R,683083,SS,6,26,Nasim,165
True,R,1995-02-06,31,Riley,Riley O'Brien,"6' 4""",O'Brien,2021-09-28,R,676617,P,1,61,Riley,180
True,L,1993-07-26,32,Ryan,Ryan O'Hearn,"6' 2""",O'Hearn,2018-07-31,L,656811,1B,3,29,Ryan,220
True,R,2000-02-09,26,Logan,Logan O'Hoppe,"6' 2""",O'Hoppe,2022-09-28,R,681351,C,2,14,Logan,225
True,R,1995-06-22,30,Tyler,Tyler O'Neill,"5' 9""",O'Neill,2018-04-19,R,641933,RF,9,9,Tyler,200
True,R,1995-07-12,30,John,Bailey Ober,"6' 9""",Ober,2021-05-18,R,641927,P,1,17,Bailey,260
True,L,1994-07-05,31,Shohei,Shohei Ohtani,"6' 4""",Ohtani,2018-03-29,R,660271,TWP,Y,17,Shohei,210
True,R,1996-06-30,29,Kazuma,Kazuma Okamoto,"6' 1""",Okamoto,2026-03-27,R,672960,3B,5,7,Kazuma,220
True,L,1991-07-09,34,Steven,Steven Okert,"6' 2""",Okert,2016-04-19,L,595345,P,1,48,Steven,202
True,R,1995-11-27,30,Jared,Jared Oliva,"6' 2""",Oliva,2020-09-21,R,666931,OF,O,56,Jared,202
True,L,1994-03-29,32,Matthew,Matt Olson,"6' 4""",Olson,2016-09-12,R,621566,1B,3,28,Matt,225
True,R,1998-07-14,27,Joseph,Joey Ortiz,"5' 10""",Ortiz,2023-04-27,R,687401,SS,6,3,Joey,192
True,R,1997-08-21,28,Eric,Eric Orze,"6' 4""",Orze,2024-07-08,R,679358,P,1,19,Eric,205
True,L,1997-05-14,28,James,James Outman,"6' 2""",Outman,2022-07-31,R,681546,CF,8,30,James,215
True,R,1998-03-02,28,Johan,Johan Oviedo,"6' 6""",Oviedo,2020-08-19,R,670912,P,1,29,Johan,275
True,R,1990-11-12,35,Marcell,Marcell Ozuna,"6' 1""",Ozuna,2013-04-30,R,542303,DH,10,24,Marcell,251
True,R,1996-01-08,30,Christopher,Chris Paddack,"6' 5""",Paddack,2019-03-31,R,663978,P,1,33,Chris,217
True,R,2004-01-17,22,Jedixson,Jedixson Paez,"6' 1""",Paez,2026-03-26,R,699151,P,1,63,Jedixson,170
True,L,1991-05-07,34,Emilio,Emilio Pagán,"6' 2""",Pagán,2017-05-03,R,641941,P,1,15,Emilio,208
True,R,2000-12-08,25,Andy,Andy Pages,"6' 1""",Pages,2024-04-16,R,681624,CF,8,44,Andy,212
True,R,1998-09-17,27,Pedro,Pedro Pagés,"5' 11""",Pagés,2024-04-07,R,686780,C,2,43,Pedro,245
True,R,2003-04-10,22,Andrew,Andrew Painter,"6' 7""",Painter,2026-03-31,R,691725,P,1,24,Andrew,215
True,L,1997-05-16,28,Richard,Richie Palacios,"5' 8""",Palacios,2022-04-25,R,680700,LF,7,1,Richie,185
True,R,2000-02-05,26,Daniel,Daniel Palencia,"5' 11""",Palencia,2023-07-04,R,694037,P,1,48,Daniel,160
True,R,1998-09-18,27,Neil,Andre Pallante,"6' 0""",Pallante,2022-04-10,R,669467,P,1,53,Andre,215
True,R,2001-05-09,24,Peyton,Peyton Pallette,"6' 1""",Pallette,2026-03-27,R,688883,P,1,41,Peyton,190
True,R,1999-02-18,27,Isaac,Isaac Paredes,"5' 11""",Paredes,2020-08-17,R,670623,3B,5,15,Isaac,213
True,L,1997-10-10,28,Vincent,Vinnie Pasquantino,"6' 3""",Pasquantino,2022-06-28,L,686469,1B,3,9,Vinnie,245
True,R,1998-08-14,27,Chandler,Chad Patrick,"6' 1""",Patrick,2025-03-29,R,694477,P,1,39,Chad,217
True,L,2000-09-24,25,Graham,Graham Pauley,"6' 1""",Pauley,2024-03-20,R,688363,3B,5,21,Graham,200
True,R,1994-04-07,31,Joel,Joel Payamps,"6' 3""",Payamps,2019-08-21,R,606303,P,1,34,Joel,214
True,L,1992-04-21,33,Joc,Joc Pederson,"6' 1""",Pederson,2014-09-01,L,592626,1B,3,3,Joc,220
True,R,1997-09-22,28,Jeremy,Jeremy Peña,"6' 0""",Peña,2022-04-07,R,665161,SS,6,3,Jeremy,202
True,R,1996-06-04,29,Freddy,Freddy Peralta,"6' 0""",Peralta,2018-05-13,R,642547,P,1,51,Freddy,198
True,L,1991-07-27,34,Wandy,Wandy Peralta,"6' 0""",Peralta,2016-09-04,L,593974,P,1,58,Wandy,227
True,R,2000-06-15,25,Oswald,Oswald Peraza,"5' 11""",Peraza,2022-09-02,R,672724,3B,5,2,Oswald,200
True,S,1999-10-22,26,Geraldo,Geraldo Perdomo,"6' 2""",Perdomo,2021-04-03,R,672695,SS,6,2,Geraldo,203
True,R,2001-04-10,24,Everson,Everson Pereira,"5' 11""",Pereira,2023-08-22,R,677592,CF,8,28,Everson,203
True,R,1996-04-21,29,Cionel,Cionel Pérez,"6' 0""",Pérez,2018-07-11,L,672335,P,1,51,Cionel,175
True,R,2003-04-15,22,Eury,Eury Pérez,"6' 8""",Pérez,2023-05-12,R,691587,P,1,39,Eury,220
True,L,1991-04-04,34,Martín,Martín Pérez,"6' 0""",Pérez,2012-06-27,L,527048,P,1,33,Martín,210
True,R,1990-05-10,35,Salvador,Salvador Perez,"6' 2""",Perez,2011-08-10,R,521692,C,2,13,Salvador,255
True,S,1996-09-10,29,Blake,Blake Perkins,"6' 0""",Perkins,2023-04-19,R,663368,CF,8,16,Blake,185
True,L,2000-02-29,26,Tristan,Tristan Peters,"6' 0""",Peters,2025-08-08,R,671976,LF,7,29,Tristan,180
True,R,1994-05-16,31,Michael,Michael Petersen,"6' 7""",Petersen,2024-06-18,R,656848,P,1,49,Michael,195
True,L,1995-09-03,30,David,David Peterson,"6' 6""",Peterson,2020-07-28,L,656849,P,1,23,David,240
True,R,1998-10-15,27,Brandon,Brandon Pfaadt,"6' 4""",Pfaadt,2023-05-03,R,694297,P,1,32,Brandon,220
True,R,2001-05-04,24,Connor,Connor Phillips,"6' 2""",Phillips,2023-09-05,R,683175,P,1,34,Connor,209
True,R,1997-10-27,28,Tyler,Tyler Phillips,"6' 5""",Phillips,2024-07-07,R,663969,P,1,30,Tyler,225
True,R,1993-02-14,33,Nicholas,Nick Pivetta,"6' 5""",Pivetta,2017-04-30,R,601713,P,1,27,Nick,210
True,S,1993-07-05,32,Jorge,Jorge Polanco,"6' 0""",Polanco,2014-06-26,R,593871,2B,4,11,Jorge,208
True,R,1988-11-22,37,Thomas,Drew Pomeranz,"6' 5""",Pomeranz,2011-09-11,L,519141,P,1,13,Drew,246
True,R,1994-04-25,31,Cody,Cody Ponce,"6' 6""",Ponce,2020-08-02,R,664074,P,1,66,Cody,255
True,R,1996-09-20,29,Zachery,Zach Pop,"6' 4""",Pop,2021-04-03,R,647315,P,1,56,Zach,220
True,R,1996-07-25,29,Peter,PJ Poulin,"6' 1""",Poulin,2025-08-05,L,676571,P,1,50,PJ,195
True,R,1997-06-14,28,Yohel,Yohel Pozo,"5' 11""",Pozo,2021-08-13,R,650968,C,2,63,Yohel,201
True,R,1997-10-27,28,Matthew,Matt Pushard,"6' 4""",Pushard,2026-03-29,R,690155,P,1,67,Matt,250
True,S,2003-04-06,22,Edgar,Edgar Quero,"5' 10""",Quero,2025-04-17,R,700337,C,2,26,Edgar,205
True,R,2002-10-08,23,Jeferson,Jeferson Quero,"6' 0""",Quero,2026-03-29,R,691620,C,2,15,Jeferson,203
True,R,1989-01-24,37,Jose,Jose Quintana,"6' 2""",Quintana,2012-05-07,L,500779,P,1,62,Jose,224
True,R,2000-09-18,25,Ceddanne,Ceddanne Rafaela,"5' 10""",Rafaela,2023-08-28,R,678882,CF,8,3,Ceddanne,165
True,L,1997-12-12,28,Cole,Cole Ragans,"6' 4""",Ragans,2022-08-04,L,666142,P,1,55,Cole,190
True,S,1996-11-26,29,Caleb,Cal Raleigh,"6' 2""",Raleigh,2021-07-11,R,663728,C,2,29,Cal,235
True,L,1988-06-29,37,Brooks,Brooks Raley,"6' 3""",Raley,2012-08-07,L,548384,P,1,25,Brooks,200
True,L,1994-09-19,31,Lucas,Luke Raley,"6' 3""",Raley,2021-04-09,R,670042,RF,9,20,Luke,235
True,R,2001-09-10,24,Agustín,Agustín Ramírez,"6' 1""",Ramírez,2025-04-21,R,682663,C,2,50,Agustín,210
True,S,1992-09-17,33,José,José Ramírez,"5' 8""",Ramírez,2013-09-01,R,608070,3B,5,11,José,190
True,R,1995-05-06,30,Yohan,Yohan Ramírez,"6' 3""",Ramírez,2020-07-24,R,670990,P,1,49,Yohan,205
True,R,1999-09-07,26,Heliot,Heliot Ramos,"5' 11""",Ramos,2022-04-10,R,671218,LF,7,17,Heliot,235
True,R,1995-07-27,30,Drew,Drew Rasmussen,"6' 1""",Rasmussen,2020-08-19,R,656876,P,1,57,Drew,240
True,L,1991-10-01,34,Robert,Robbie Ray,"6' 2""",Ray,2014-05-06,L,592662,P,1,38,Robbie,220
True,R,1990-07-01,35,Colin,Colin Rea,"6' 5""",Rea,2015-08-11,R,607067,P,1,53,Colin,220
True,R,1991-03-18,35,Jacob,J.T. Realmuto,"6' 0""",Realmuto,2014-06-05,R,592663,C,2,10,J.T.,212
True,R,1991-03-26,35,Robert,Rob Refsnyder,"5' 11""",Refsnyder,2015-07-11,R,608701,RF,9,30,Rob,215
True,S,1997-02-26,29,Luis,Luis Rengifo,"5' 9""",Rengifo,2019-04-25,R,650859,3B,5,13,Luis,204
True,S,1995-01-27,31,Bryan,Bryan Reynolds,"6' 2""",Reynolds,2019-04-20,R,668804,RF,9,10,Bryan,210
True,L,1999-02-22,27,Benjamin,Ben Rice,"6' 2""",Rice,2024-06-18,R,700250,1B,3,22,Ben,228
True,R,1997-04-02,29,Michael,Austin Riley,"6' 1""",Riley,2019-05-15,R,663586,3B,5,27,Austin,225
True,R,2000-11-10,25,Ryan,Ryan Ritter,"6' 1""",Ritter,2025-06-06,R,690022,SS,6,8,Ryan,200
True,S,1997-10-10,28,Leonardo,Leo Rivas,"5' 7""",Rivas,2024-04-28,R,660844,2B,4,76,Leo,150
True,R,1999-04-02,27,Christian,Christian Roa,"6' 4""",Roa,2025-09-06,R,685005,P,1,73,Christian,220
True,R,1997-08-03,28,Luis,Luis Robert Jr.,"6' 2""",Robert,2020-07-24,R,673357,CF,8,88,Luis,225
True,R,1997-05-19,28,Victor,Victor Robles,"6' 0""",Robles,2017-09-07,R,645302,RF,9,10,Victor,193
True,S,2001-01-13,25,Brayan,Brayan Rocchio,"5' 9""",Rocchio,2023-05-16,R,677587,SS,6,4,Brayan,170
True,R,1999-11-22,26,Kumar,Kumar Rocker,"6' 5""",Rocker,2024-09-12,R,677958,P,1,80,Kumar,245
True,R,2003-11-16,22,Bradgley,Bradgley Rodriguez,"6' 1""",Rodriguez,2025-05-31,R,699134,P,1,72,Bradgley,160
True,L,1993-04-07,32,Eduardo,Eduardo Rodriguez,"6' 2""",Rodriguez,2015-05-28,L,593958,P,1,57,Eduardo,231
True,R,2000-12-29,25,Julio,Julio Rodríguez,"6' 4""",Rodríguez,2022-04-08,R,677594,CF,8,44,Julio,228
True,R,1995-04-18,30,Jacob,Jake Rogers,"5' 11""",Rogers,2019-07-30,R,668670,C,2,34,Jake,201
True,L,1990-12-17,35,Taylor,Taylor Rogers,"6' 3""",Rogers,2016-04-14,L,573124,P,1,55,Taylor,190
True,L,1997-11-13,28,Trevor,Trevor Rogers,"6' 5""",Rogers,2020-08-25,L,669432,P,1,28,Trevor,230
True,R,1990-12-17,35,Tyler,Tyler Rogers,"6' 3""",Rogers,2019-08-27,R,643511,P,1,71,Tyler,180
True,R,1989-02-24,37,Miguel,Miguel Rojas,"5' 10""",Rojas,2014-06-06,R,500743,2B,4,72,Miguel,188
True,R,1993-04-21,32,Jordan,Jordan Romano,"6' 5""",Romano,2019-06-12,R,605447,P,1,68,Jordan,210
True,L,1996-09-09,29,Joseph,JoJo Romero,"5' 11""",Romero,2020-08-21,L,668941,P,1,59,JoJo,215
True,R,1994-11-01,31,Terry,Brent Rooker,"6' 3""",Rooker,2020-09-04,R,667670,RF,9,25,Brent,225
True,R,1995-11-20,30,German,Amed Rosario,"6' 1""",Rosario,2017-08-01,R,642708,3B,5,14,Amed,227
True,R,1993-05-21,32,Joseph,Joe Ross,"6' 4""",Ross,2015-06-06,R,605452,P,1,22,Joe,243
True,R,1998-09-10,27,Landen,Landen Roupp,"6' 2""",Roupp,2024-03-29,R,694738,P,1,65,Landen,220
True,R,1997-06-21,28,Chris,Chris Roycroft,"6' 8""",Roycroft,2024-05-07,R,688297,P,1,58,Chris,230
True,S,1998-07-20,27,Keibert,Keibert Ruiz,"5' 11""",Ruiz,2020-08-16,R,660688,C,2,20,Keibert,238
True,L,2000-05-17,25,Toby,TJ Rumfield,"6' 5""",Rumfield,2026-03-27,R,681198,1B,3,7,TJ,225
True,L,2001-02-21,25,Dalton,Dalton Rushing,"6' 0""",Rushing,2025-05-15,R,687221,C,2,68,Dalton,220
True,S,1998-02-06,28,Adley,Adley Rutschman,"6' 1""",Rutschman,2022-05-21,R,668939,C,2,35,Adley,230
True,R,1996-06-05,29,Joseph,Joe Ryan,"6' 2""",Ryan,2021-09-01,R,657746,P,1,41,Joe,205
True,R,1997-10-31,28,Erik,Erik Sabrowski,"6' 4""",Sabrowski,2024-09-04,L,681870,P,1,62,Erik,230
True,R,2002-04-10,23,Thomas,Thomas Saggese,"5' 10""",Saggese,2024-09-10,R,695336,2B,4,25,Thomas,185
True,L,1989-03-30,37,Christopher,Chris Sale,"6' 6""",Sale,2010-08-06,L,519242,P,1,51,Chris,180
True,L,1996-12-12,29,Cristopher,Cristopher Sánchez,"6' 6""",Sánchez,2021-06-06,L,650911,P,1,61,Cristopher,200
True,R,1992-12-02,33,Gary,Gary Sánchez,"6' 2""",Sánchez,2015-10-03,R,596142,C,2,99,Gary,251
True,L,1997-10-07,28,Jesús,Jesús Sánchez,"6' 3""",Sánchez,2020-08-21,R,660821,RF,9,12,Jesús,222
True,R,1997-07-17,28,Bryson,Cole Sands,"6' 3""",Sands,2022-05-01,R,663485,P,1,44,Cole,215
True,R,2002-09-03,23,Javier,Javier Sanoja,"5' 7""",Sanoja,2024-09-07,R,691594,2B,4,8,Javier,150
True,S,1986-04-08,39,Carlos,Carlos Santana,"5' 10""",Santana,2010-06-11,R,467793,1B,3,41,Carlos,210
True,R,1996-04-12,29,Dennis,Dennis Santana,"6' 2""",Santana,2018-06-01,R,642701,P,1,60,Dennis,202
True,R,1997-04-15,28,Antonio,Tony Santillan,"6' 3""",Santillan,2021-06-13,R,663574,P,1,64,Tony,285
True,R,2001-11-03,24,Roki,Roki Sasaki,"6' 2""",Sasaki,2025-03-19,R,808963,P,1,11,Roki,187
True,L,2002-02-14,24,Nolan,Nolan Schanuel,"6' 2""",Schanuel,2023-08-18,R,694384,1B,3,18,Nolan,220
True,R,1984-07-27,41,Maxwell,Max Scherzer,"6' 3""",Scherzer,2008-04-29,R,453286,P,1,31,Max,208
True,R,2001-02-05,25,Cameron,Cam Schlittler,"6' 6""",Schlittler,2025-07-09,R,693645,P,1,31,Cam,215
True,R,1999-03-01,27,Casey,Casey Schmitt,"6' 0""",Schmitt,2023-05-09,R,669477,3B,5,10,Casey,215
True,L,1997-01-23,29,Daniel,Daniel Schneemann,"6' 0""",Schneemann,2024-06-02,R,682177,2B,4,10,Daniel,185
True,R,1999-01-26,27,Davis,Davis Schneider,"5' 8""",Schneider,2023-08-04,R,676914,LF,7,36,Davis,190
True,R,1994-03-05,32,John,John Schreiber,"6' 2""",Schreiber,2019-08-09,R,670167,P,1,46,John,224
True,L,1993-03-05,33,Kyle,Kyle Schwarber,"5' 11""",Schwarber,2015-06-16,R,656941,LF,7,12,Kyle,229
True,R,1994-07-22,31,Tanner,Tanner Scott,"6' 0""",Scott,2017-09-20,L,656945,P,1,66,Tanner,235
True,L,2001-02-12,25,Victor,Victor Scott II,"5' 10""",Scott,2024-03-28,L,687363,CF,8,11,Victor,190
True,R,1996-01-24,30,Connor,Connor Seabold,"6' 2""",Seabold,2021-09-11,R,657756,P,1,43,Connor,190
True,L,1994-04-27,31,Corey,Corey Seager,"6' 4""",Seager,2015-09-03,R,608369,SS,6,5,Corey,215
True,R,1990-09-17,35,Marcus,Marcus Semien,"6' 0""",Semien,2013-09-04,R,543760,2B,4,10,Marcus,195
True,L,1993-01-30,33,Kodai,Kodai Senga,"6' 1""",Senga,2023-04-02,R,673540,P,1,34,Kodai,202
True,R,1995-01-21,31,Antonio,Antonio Senzatela,"6' 1""",Senzatela,2017-04-06,R,622608,P,1,49,Antonio,236
True,R,1994-02-20,32,Luis,Luis Severino,"6' 2""",Severino,2015-08-05,R,622663,P,1,40,Luis,218
True,R,1990-05-26,35,Paul,Paul Sewald,"6' 3""",Sewald,2017-04-08,R,623149,P,1,38,Paul,219
True,L,1998-12-13,27,Ian,Ian Seymour,"6' 0""",Seymour,2025-06-09,L,693855,P,1,61,Ian,215
True,R,2001-11-06,24,Matthew,Matt Shaw,"5' 10""",Shaw,2025-03-18,R,807713,3B,5,6,Matt,185
True,R,1999-11-15,26,George,Emmet Sheehan,"6' 5""",Sheehan,2023-06-16,R,686218,P,1,80,Emmet,220
True,L,1996-04-23,29,Gavin,Gavin Sheets,"6' 3""",Sheets,2021-06-29,L,657757,LF,7,30,Gavin,235
True,R,2000-05-18,25,Chase,Chase Silseth,"6' 0""",Silseth,2022-05-13,R,681217,P,1,63,Chase,217
True,L,2000-11-18,25,Chandler,Chandler Simpson,"5' 11""",Simpson,2025-04-19,R,802415,CF,8,14,Chandler,170
True,R,1994-05-10,31,Lucas,Lucas Sims,"6' 2""",Sims,2017-08-01,R,608371,P,1,39,Lucas,213
True,R,1996-08-04,29,Brady,Brady Singer,"6' 5""",Singer,2020-07-25,R,663903,P,1,51,Brady,215
True,R,2002-05-29,23,Paul,Paul Skenes,"6' 6""",Skenes,2024-05-11,R,694973,P,1,30,Paul,260
True,R,1996-11-20,29,Tarik,Tarik Skubal,"6' 3""",Skubal,2020-08-18,L,669373,P,1,29,Tarik,240
True,R,1997-09-15,28,Justin,Justin Slaten,"6' 4""",Slaten,2024-03-30,R,686580,P,1,63,Justin,222
True,R,1992-12-13,33,Austin,Austin Slater,"6' 1""",Slater,2017-06-02,R,596103,LF,7,15,Austin,205
True,R,1999-05-09,26,Cade,Cade Smith,"6' 5""",Smith,2024-03-30,R,671922,P,1,36,Cade,230
True,R,2003-02-22,23,Cameron,Cam Smith,"6' 3""",Smith,2025-03-27,R,701358,RF,9,11,Cam,224
True,L,1995-06-15,30,Dominic,Dominic Smith,"5' 11""",Smith,2017-08-11,L,642086,1B,3,8,Dominic,224
True,L,1997-08-07,28,Josh,Josh Smith,"5' 9""",Smith,2022-05-30,R,669701,SS,6,8,Josh,172
True,L,1996-02-06,30,Pavin,Pavin Smith,"6' 2""",Smith,2020-09-12,L,656976,1B,3,26,Pavin,208
True,R,2000-04-04,25,Shane,Shane Smith,"6' 3""",Smith,2025-04-01,R,681343,P,1,64,Shane,240
True,R,1995-03-28,31,William,Will Smith,"5' 10""",Smith,2019-05-28,R,669257,C,2,16,Will,195
True,L,2001-11-24,24,Tyler,Tyler Soderstrom,"6' 2""",Soderstrom,2023-07-14,R,691016,LF,7,21,Tyler,200
True,R,1992-02-25,34,Jorge,Jorge Soler,"6' 3""",Soler,2014-08-27,R,624585,RF,9,12,Jorge,235
True,R,1999-03-24,27,George,George Soriano,"6' 2""",Soriano,2023-04-16,R,666277,P,1,65,George,210
True,R,1998-10-20,27,José,José Soriano,"6' 3""",Soriano,2023-06-03,R,667755,P,1,59,José,220
True,R,1997-08-04,28,Michael,Michael Soroka,"6' 5""",Soroka,2018-05-01,R,647336,P,1,34,Michael,250
True,R,1996-03-06,30,Edmundo,Edmundo Sosa,"5' 11""",Sosa,2018-09-23,R,624641,2B,4,33,Edmundo,210
True,R,2000-01-25,26,Lenyn,Lenyn Sosa,"5' 11""",Sosa,2022-06-23,R,672820,2B,4,50,Lenyn,210
True,L,1995-02-11,31,Gregory,Gregory Soto,"6' 1""",Soto,2019-05-11,L,642397,P,1,31,Gregory,247
True,L,1998-10-25,27,Juan,Juan Soto,"6' 1""",Soto,2018-05-15,L,665742,RF,9,22,Juan,224
True,L,1995-04-12,30,Gabriel,Gabe Speier,"5' 11""",Speier,2019-09-05,L,642100,P,1,55,Gabe,200
True,R,1989-09-19,36,George,George Springer,"6' 1""",Springer,2014-04-16,R,543807,RF,9,4,George,220
True,L,1992-09-20,33,Jeffrey,Jeffrey Springs,"6' 3""",Springs,2018-07-31,L,605488,P,1,59,Jeffrey,218
True,R,2000-09-17,25,Brandon,Brandon Sproat,"6' 3""",Sproat,2025-09-07,R,687075,P,1,23,Brandon,205
True,R,1991-07-26,34,Ryne,Ryne Stanek,"6' 4""",Stanek,2017-05-14,R,592773,P,1,55,Ryne,226
True,R,1989-11-08,36,Giancarlo,Giancarlo Stanton,"6' 5""",Stanton,2010-06-08,R,519317,DH,10,27,Giancarlo,245
True,R,1997-12-07,28,Spencer,Spencer Steer,"5' 9""",Steer,2022-09-02,R,668715,1B,3,7,Spencer,185
True,R,1996-08-16,29,Tyler,Tyler Stephenson,"6' 3""",Stephenson,2020-07-27,R,663886,C,2,37,Tyler,225
True,R,1996-08-29,29,Justin,Justin Sterner,"6' 1""",Sterner,2024-05-31,R,686993,P,1,60,Justin,215
True,R,2003-12-07,22,Sal,Sal Stewart,"6' 1""",Stewart,2025-09-01,R,701398,3B,5,27,Sal,224
True,R,1992-11-15,33,Trevor,Trevor Story,"6' 1""",Story,2016-04-04,R,596115,SS,6,10,Trevor,209
True,L,1997-10-06,28,Bryson,Bryson Stott,"6' 0""",Stott,2022-04-08,R,681082,2B,4,5,Bryson,200
True,R,1991-11-12,34,Matthew,Matt Strahm,"6' 2""",Strahm,2016-07-31,L,621381,P,1,25,Matt,190
True,R,1994-10-17,31,Myles,Myles Straw,"5' 9""",Straw,2018-09-15,R,664702,CF,8,3,Myles,178
True,R,1989-10-08,36,Albert,Albert Suárez,"6' 3""",Suárez,2016-05-08,R,544150,P,1,49,Albert,235
True,R,1991-07-18,34,Eugenio,Eugenio Suárez,"5' 11""",Suárez,2014-06-04,R,553993,3B,5,28,Eugenio,213
True,L,1998-01-03,28,José,José Suarez,"5' 10""",Suarez,2019-06-02,L,660761,P,1,54,José,225
True,L,1995-08-26,30,Ranger,Ranger Suarez,"6' 1""",Suarez,2018-07-26,L,624133,P,1,55,Ranger,217
True,R,1991-03-01,35,Robert,Robert Suarez,"6' 2""",Suarez,2022-04-07,R,663158,P,1,75,Robert,210
True,R,1989-10-11,36,Tomoyuki,Tomoyuki Sugano,"6' 1""",Sugano,2025-03-30,R,608372,P,1,11,Tomoyuki,230
True,L,1994-02-22,32,Brett,Brett Sullivan,"5' 11""",Sullivan,2023-04-18,R,664954,C,2,26,Brett,195
True,R,1990-03-12,36,Cole,Cole Sulser,"6' 0""",Sulser,2019-09-06,R,642121,P,1,71,Cole,200
True,R,2001-05-14,24,Daniel,Daniel Susac,"6' 5""",Susac,2026-04-01,R,691740,C,2,6,Daniel,210
True,L,1989-08-29,36,Brent,Brent Suter,"6' 4""",Suter,2016-08-19,L,608718,P,1,37,Brent,213
True,R,1999-01-31,27,Matthew,Matt Svanson,"6' 5""",Svanson,2025-04-17,R,694335,P,1,49,Matt,235
True,R,1994-02-11,32,James,Dansby Swanson,"6' 0""",Swanson,2016-08-17,R,621020,SS,6,7,Dansby,190
True,R,1991-11-18,34,Jameson,Jameson Taillon,"6' 5""",Taillon,2016-06-08,R,592791,P,1,50,Jameson,230
True,R,1999-01-02,27,Fernando,Fernando Tatis Jr.,"6' 3""",Tatis,2019-03-28,R,665487,RF,9,23,Fernando,217
True,S,1998-09-08,27,Leody,Leody Taveras,"6' 2""",Taveras,2020-07-24,R,665750,OF,O,30,Leody,210
True,R,1999-04-07,26,Timothy,Tim Tawa,"5' 11""",Tawa,2025-04-05,R,694374,2B,4,13,Tim,196
True,R,2002-05-20,23,Grant,Grant Taylor,"6' 3""",Taylor,2025-06-10,R,691799,P,1,31,Grant,230
True,R,1994-01-22,32,Tyrone,Tyrone Taylor,"6' 0""",Taylor,2019-09-07,R,621438,CF,8,15,Tyrone,218
True,L,2001-03-20,25,José,José Tena,"5' 10""",Tena,2023-08-05,R,677588,3B,5,8,José,195
True,R,1998-12-01,27,Kai-Wei,Kai-Wei Teng,"6' 4""",Teng,2024-03-31,R,678906,P,1,17,Kai-Wei,241
True,R,1999-06-18,26,Bryce,Bryce Teodosio,"6' 2""",Teodosio,2024-09-07,L,669326,CF,8,22,Bryce,220
True,R,1987-01-31,39,Caleb,Caleb Thielbar,"6' 0""",Thielbar,2013-05-20,L,573204,P,1,24,Caleb,205
True,L,2000-04-28,25,Alek,Alek Thomas,"5' 9""",Thomas,2022-05-08,L,677950,CF,8,5,Alek,175
True,R,1995-08-23,30,Lane,Lane Thomas,"5' 11""",Thomas,2019-04-17,R,657041,CF,8,15,Lane,195
True,R,1992-06-26,33,Ryan,Ryan Thompson,"6' 5""",Thompson,2020-07-24,R,657044,P,1,81,Ryan,210
True,R,1998-01-27,28,Tyler,Tyler Tolbert,"5' 10""",Tolbert,2025-03-31,R,686475,2B,4,2,Tyler,185
True,R,1991-03-07,35,Justin,Justin Topa,"6' 4""",Topa,2020-09-01,R,623437,P,1,48,Justin,200
True,R,1999-08-26,26,Spencer,Spencer Torkelson,"6' 1""",Torkelson,2022-04-08,R,679529,1B,3,20,Spencer,220
True,R,1996-05-02,29,Luis,Luis Torrens,"5' 11""",Torrens,2017-04-03,R,620443,C,2,13,Luis,217
True,R,1996-12-13,29,Gleyber,Gleyber Torres,"5' 10""",Torres,2018-04-22,R,650402,2B,4,25,Gleyber,205
True,R,2001-08-01,24,Ezequiel,Ezequiel Tovar,"6' 0""",Tovar,2022-09-23,R,678662,SS,6,14,Ezequiel,162
True,R,1988-06-30,37,Blake,Blake Treinen,"6' 5""",Treinen,2014-04-12,R,595014,P,1,49,Blake,225
True,R,1992-11-28,33,Jose,Jose Trevino,"5' 9""",Trevino,2018-06-15,R,624431,C,2,35,Jose,215
True,R,1998-02-08,28,Jared,Jared Triolo,"6' 3""",Triolo,2023-06-28,R,669707,SS,6,19,Jared,212
True,R,1991-08-07,34,Michael,Mike Trout,"6' 1""",Trout,2011-07-08,R,545361,RF,9,27,Mike,235
True,L,1997-01-17,29,Kyle,Kyle Tucker,"6' 3""",Tucker,2018-07-07,R,663656,RF,9,23,Kyle,212
True,L,1999-11-21,26,Brice,Brice Turang,"6' 0""",Turang,2023-03-30,R,668930,2B,4,2,Brice,190
True,R,1993-06-30,32,Trea,Trea Turner,"6' 1""",Turner,2015-08-21,R,607208,SS,6,7,Trea,185
True,R,2004-01-25,22,Walbert,Walbert Urena,"6' 0""",Urena,2026-03-26,R,700712,P,1,57,Walbert,210
True,R,1994-06-03,31,Ramón,Ramón Urías,"5' 9""",Urías,2020-08-20,R,602104,3B,5,29,Ramón,185
True,R,2000-06-20,25,Abner,Abner Uribe,"6' 3""",Uribe,2023-07-08,R,682842,P,1,45,Abner,205
True,R,1995-05-01,30,José,José Urquidy,"6' 0""",Urquidy,2019-07-02,R,664353,P,1,65,José,225
True,R,1993-11-19,32,Framber,Framber Valdez,"5' 11""",Valdez,2018-08-21,L,664285,P,1,59,Framber,230
True,S,1991-07-16,34,Ildemaro,Ildemaro Vargas,"5' 11""",Vargas,2017-06-29,R,545121,2B,4,6,Ildemaro,202
True,R,1999-11-17,26,Miguel,Miguel Vargas,"6' 2""",Vargas,2022-08-03,R,678246,3B,5,20,Miguel,225
True,L,1996-11-06,29,Augustus,Gus Varland,"6' 1""",Varland,2023-03-30,R,681402,P,1,47,Gus,225
True,L,1997-12-09,28,Louis,Louis Varland,"6' 1""",Varland,2022-09-07,R,686973,P,1,77,Louis,205
True,L,1996-07-02,29,Daulton,Daulton Varsho,"5' 8""",Varsho,2020-07-30,R,662139,CF,8,5,Daulton,207
True,R,1998-11-03,27,Randy,Randy Vásquez,"6' 0""",Vásquez,2023-05-26,R,681190,P,1,98,Randy,165
True,R,1998-04-03,27,Andrew,Andrew Vaughn,"5' 10""",Vaughn,2021-04-02,R,683734,1B,3,28,Andrew,215
True,R,1990-08-21,35,Christian,Christian Vázquez,"5' 8""",Vázquez,2014-07-09,R,543877,C,2,2,Christian,205
True,R,1983-02-20,43,Justin,Justin Verlander,"6' 5""",Verlander,2005-07-04,R,434378,P,1,35,Justin,240
True,L,1996-04-11,29,Alexander,Alex Vesia,"6' 1""",Vesia,2020-07-25,L,681911,P,1,51,Alex,209
True,R,1995-06-06,30,William,Will Vest,"6' 0""",Vest,2021-04-01,R,676684,P,1,19,Will,180
True,R,1999-12-11,26,Mark,Mark Vientos,"6' 3""",Vientos,2022-09-11,R,668901,3B,5,27,Mark,185
True,R,1996-09-16,29,Matthew,Matt Vierling,"6' 1""",Vierling,2021-06-19,R,663837,CF,8,8,Matt,205
True,R,1999-02-18,27,Ryan,Ryan Vilade,"6' 1""",Vilade,2021-09-18,R,668723,RF,9,26,Ryan,226
True,L,2001-03-09,25,Jorbit,Jorbit Vivas,"5' 9""",Vivas,2025-05-02,R,678391,2B,4,84,Jorbit,171
True,R,1999-10-09,26,Victor,Victor Vodnik,"6' 0""",Vodnik,2023-09-09,R,680767,P,1,38,Victor,200
True,R,1991-07-01,34,Michael,Michael Wacha,"6' 6""",Wacha,2013-05-30,R,608379,P,1,52,Michael,215
True,L,1998-01-08,28,Kenneth,Ken Waldichuk,"6' 4""",Waldichuk,2022-09-01,L,686610,P,1,52,Ken,220
True,R,1991-03-28,35,Christian,Christian Walker,"5' 11""",Walker,2014-09-17,R,572233,1B,3,8,Christian,208
True,R,2002-05-22,23,Jordan,Jordan Walker,"6' 6""",Walker,2023-03-30,R,691023,RF,9,18,Jordan,250
True,R,1995-11-26,30,Ryan,Ryan Walker,"6' 2""",Walker,2023-05-21,R,676254,P,1,74,Ryan,215
True,R,1992-08-13,33,Taijuan,Taijuan Walker,"6' 4""",Walker,2013-08-30,R,592836,P,1,99,Taijuan,235
True,L,1997-12-12,28,Matthew,Matt Wallner,"6' 4""",Wallner,2022-09-17,R,670242,RF,9,38,Matt,220
True,R,1993-12-14,32,Joseph,Taylor Ward,"6' 0""",Ward,2018-08-14,R,621493,LF,7,3,Taylor,205
True,R,1999-06-16,26,William,Will Warren,"6' 2""",Warren,2024-07-30,R,701542,P,1,29,Will,200
True,R,1997-11-15,28,Ryan,Ryan Watson,"6' 5""",Watson,2026-03-28,R,670245,P,1,56,Ryan,225
True,R,1999-12-17,26,Ryan,Ryan Weathers,"6' 1""",Weathers,2020-10-06,L,677960,P,1,40,Ryan,230
True,R,1993-08-21,32,Luke,Luke Weaver,"6' 2""",Weaver,2016-08-13,R,596133,P,1,30,Luke,180
True,R,1993-08-15,32,Jacob,Jacob Webb,"6' 2""",Webb,2019-04-16,R,657097,P,1,71,Jacob,210
True,R,1996-11-18,29,Logan,Logan Webb,"6' 2""",Webb,2019-08-17,R,657277,P,1,62,Logan,221
True,R,1996-12-10,29,Ryan,Ryan Weiss,"6' 4""",Weiss,2026-03-27,R,680802,P,1,51,Ryan,210
True,R,1995-02-04,31,Gregory,Greg Weissert,"6' 2""",Weissert,2022-08-25,R,669711,P,1,57,Greg,235
True,L,1999-07-12,26,Austin,Austin Wells,"6' 1""",Wells,2023-09-01,R,669224,C,2,28,Austin,220
True,R,1994-08-26,31,Tyler,Tyler Wells,"6' 8""",Wells,2021-04-04,R,669330,P,1,68,Tyler,270
True,L,2002-09-10,23,Jonathan,JJ Wetherholt,"5' 9""",Wetherholt,2026-03-26,R,802139,SS,6,26,JJ,190
True,R,1994-06-26,31,Elijah,Eli White,"6' 2""",White,2020-09-01,R,642201,RF,9,36,Eli,195
True,R,1996-06-11,29,Garrett,Garrett Whitlock,"6' 5""",Whitlock,2021-04-04,R,676477,P,1,22,Garrett,222
True,R,1999-02-11,27,Joseph,Joey Wiemer,"6' 4""",Wiemer,2023-04-01,R,686894,LF,7,21,Joey,226
True,R,1999-07-14,26,Mitchell,Cole Wilcox,"6' 5""",Wilcox,2025-09-19,R,677961,P,1,43,Cole,232
True,R,2003-06-25,22,Carson,Carson Williams,"6' 1""",Williams,2025-08-22,R,700246,SS,6,7,Carson,180
True,R,1994-09-21,31,Devin,Devin Williams,"6' 2""",Williams,2019-08-07,R,642207,P,1,38,Devin,193
True,L,1999-07-26,26,Gavin,Gavin Williams,"6' 6""",Williams,2023-06-21,R,668909,P,1,32,Gavin,250
True,R,2000-11-05,25,Benjamin,Ben Williamson,"6' 0""",Williamson,2025-04-15,R,810938,3B,5,15,Ben,210
True,R,1998-04-02,28,Brandon,Brandon Williamson,"6' 6""",Williamson,2023-05-16,L,682227,P,1,55,Brandon,210
True,R,2002-03-30,24,Jacob,Jacob Wilson,"6' 2""",Wilson,2024-07-19,R,805779,SS,6,5,Jacob,190
True,R,1999-11-25,26,Cole,Cole Winn,"6' 2""",Winn,2024-04-14,R,668390,P,1,60,Cole,190
True,R,1998-02-20,28,Keaton,Keaton Winn,"6' 4""",Winn,2023-06-13,R,676775,P,1,67,Keaton,230
True,R,2002-03-21,24,Masyn,Masyn Winn,"5' 9""",Winn,2023-08-18,R,691026,SS,6,0,Masyn,185
True,R,2000-04-30,25,Cade,Cade Winquest,"6' 1""",Winquest,,R,685464,P,1,39,Cade,217
True,R,2000-06-14,25,Robert,Bobby Witt Jr.,"6' 1""",Witt,2022-04-07,R,677951,SS,6,7,Bobby,200
True,L,1996-12-12,29,Grant,Grant Wolfram,"6' 7""",Wolfram,2025-04-26,L,664991,P,1,48,Grant,250
True,R,1996-05-19,29,Connor,Connor Wong,"5' 10""",Wong,2021-06-22,R,657136,C,2,12,Connor,190
True,R,2000-01-30,26,Bryan,Bryan Woo,"6' 2""",Woo,2023-06-03,R,693433,P,1,22,Bryan,205
True,L,2002-09-17,23,James,James Wood,"6' 6""",Wood,2024-07-01,R,695578,LF,7,29,James,234
True,R,1996-10-28,29,Jacob,Jake Woodford,"6' 4""",Woodford,2020-08-15,R,663765,P,1,41,Jake,215
True,L,1993-02-10,33,Brandon,Brandon Woodruff,"6' 4""",Woodruff,2017-08-04,R,605540,P,1,53,Brandon,241
True,R,2000-09-27,25,Simeon,Simeon Woods Richardson,"6' 3""",Woods Richardson,2022-10-02,R,680573,P,1,24,Simeon,210
True,L,2000-07-14,25,Justin,Justin Wrobleski,"6' 1""",Wrobleski,2024-07-07,L,680736,P,1,70,Justin,194
True,R,1990-12-10,35,Robert,Austin Wynns,"6' 1""",Wynns,2018-06-05,R,642851,C,2,29,Austin,190
True,R,1998-08-17,27,Yoshinobu,Yoshinobu Yamamoto,"5' 10""",Yamamoto,2024-03-21,R,808967,P,1,18,Yoshinobu,176
False,R,1991-12-31,34,Ryan,Ryan Yarbrough,"6' 5""",Yarbrough,2018-03-31,L,642232,P,1,33,Ryan,205
True,L,1990-08-23,35,Michael,Mike Yastrzemski,"5' 10""",Yastrzemski,2019-05-25,L,573262,RF,9,18,Mike,180
True,L,1991-12-05,34,Christian,Christian Yelich,"6' 4""",Yelich,2013-07-23,R,592885,LF,7,22,Christian,220
True,R,2002-04-02,24,Nicholas,Nick Yorke,"5' 11""",Yorke,2024-09-16,R,694377,2B,4,38,Nick,220
True,L,1993-07-15,32,Masataka,Masataka Yoshida,"5' 8""",Yoshida,2023-03-30,R,807799,LF,7,7,Masataka,192
True,L,2003-07-29,22,Cole,Cole Young,"5' 10""",Young,2025-05-31,R,702284,2B,4,2,Cole,180
True,R,1999-07-27,26,Jacob,Jacob Young,"5' 11""",Young,2023-08-26,R,696285,CF,8,30,Jacob,192
True,L,1995-07-09,30,Jared,Jared Young,"6' 2""",Young,2022-09-16,R,676724,LF,7,29,Jared,200
True,R,1998-02-28,28,Ryan,Ryan Zeferjahn,"6' 5""",Zeferjahn,2024-08-25,R,666171,P,1,56,Ryan,209
True,L,1999-09-27,26,Angel,Angel Zerpa,"6' 0""",Zerpa,2021-09-30,L,672582,P,1,61,Angel,237
